# ************************************************************
# Sequel Pro SQL dump
# Version 4541
#
# http://www.sequelpro.com/
# https://github.com/sequelpro/sequelpro
#
# Host: 127.0.0.1 (MySQL 5.5.5-10.1.17-MariaDB)
# Database: shooney
# Generation Time: 2017-03-31 08:06:20 +0000
# ************************************************************


/*!40101 SET @OLD_CHARACTER_SET_CLIENT=@@CHARACTER_SET_CLIENT */;
/*!40101 SET @OLD_CHARACTER_SET_RESULTS=@@CHARACTER_SET_RESULTS */;
/*!40101 SET @OLD_COLLATION_CONNECTION=@@COLLATION_CONNECTION */;
/*!40101 SET NAMES utf8 */;
/*!40014 SET @OLD_FOREIGN_KEY_CHECKS=@@FOREIGN_KEY_CHECKS, FOREIGN_KEY_CHECKS=0 */;
/*!40101 SET @OLD_SQL_MODE=@@SQL_MODE, SQL_MODE='NO_AUTO_VALUE_ON_ZERO' */;
/*!40111 SET @OLD_SQL_NOTES=@@SQL_NOTES, SQL_NOTES=0 */;


# Dump of table TB_BLOG
# ------------------------------------------------------------

DROP TABLE IF EXISTS `TB_BLOG`;

CREATE TABLE `TB_BLOG` (
  `BLOG_ID` bigint(20) NOT NULL AUTO_INCREMENT,
  `BLOG_CONTENT` longtext NOT NULL,
  `BLOG_CREATED_BY` varchar(60) NOT NULL DEFAULT '',
  `BLOG_CREATED_DATE` datetime DEFAULT NULL,
  `BLOG_DELCHECK` int(11) NOT NULL,
  `BLOG_DEPTH` int(11) NOT NULL,
  `BLOG_ENTITY_NAME` varchar(30) DEFAULT NULL,
  `BLOG_HITS` int(11) NOT NULL,
  `BLOG_IDX` bigint(20) DEFAULT NULL,
  `BLOG_LIKES` int(11) NOT NULL,
  `BLOG_MODIFIED_BY` varchar(60) DEFAULT NULL,
  `BLOG_MODIFIED_DATE` datetime DEFAULT NULL,
  `BLOG_PORTFOLIO_TYPE` varchar(30) DEFAULT NULL,
  `BLOG_TITLE` varchar(150) NOT NULL DEFAULT '',
  PRIMARY KEY (`BLOG_ID`)
) ENGINE=InnoDB DEFAULT CHARSET=utf8;

LOCK TABLES `TB_BLOG` WRITE;
/*!40000 ALTER TABLE `TB_BLOG` DISABLE KEYS */;

INSERT INTO `TB_BLOG` (`BLOG_ID`, `BLOG_CONTENT`, `BLOG_CREATED_BY`, `BLOG_CREATED_DATE`, `BLOG_DELCHECK`, `BLOG_DEPTH`, `BLOG_ENTITY_NAME`, `BLOG_HITS`, `BLOG_IDX`, `BLOG_LIKES`, `BLOG_MODIFIED_BY`, `BLOG_MODIFIED_DATE`, `BLOG_PORTFOLIO_TYPE`, `BLOG_TITLE`)
VALUES
	(67,'게시물 내용입니다.','SeolHun','2017-03-15 09:22:53',0,0,NULL,0,0,0,NULL,'2017-03-15 09:22:53','JAVASCRIPT','게시판 제목입니다.'),
	(68,'게시물 내용입니다.','SeolHun','2017-03-15 09:22:53',0,0,NULL,0,0,0,NULL,'2017-03-15 09:22:53','ANGULAR','게시판 제목입니다.'),
	(69,'게시물 내용입니다.','SeolHun','2017-03-15 09:22:53',0,0,NULL,0,0,0,NULL,'2017-03-15 09:22:53','LINUX','게시판 제목입니다.'),
	(70,'게시물 내용입니다.','SeolHun','2017-03-15 09:22:53',0,0,NULL,0,0,0,NULL,'2017-03-15 09:22:53','DB','게시판 제목입니다.'),
	(71,'게시물 내용입니다.','SeolHun','2017-03-15 09:22:53',0,0,NULL,0,0,0,NULL,'2017-03-15 09:22:53','MAC','게시판 제목입니다.'),
	(72,'게시물 내용입니다.','SeolHun','2017-03-15 09:22:53',0,0,NULL,0,0,0,NULL,'2017-03-15 09:22:53','JAVA','게시판 제목입니다.'),
	(73,'게시물 내용입니다.','SeolHun','2017-03-15 09:22:53',0,0,NULL,0,0,0,NULL,'2017-03-15 09:22:53','SPRING','게시판 제목입니다.'),
	(74,'게시물 내용입니다.','SeolHun','2017-03-15 09:22:53',0,0,NULL,0,0,0,NULL,'2017-03-15 09:22:53','JAVASCRIPT','게시판 제목입니다.'),
	(75,'게시물 내용입니다.','SeolHun','2017-03-15 09:22:53',0,0,NULL,0,0,0,NULL,'2017-03-15 09:22:53','ANGULAR','게시판 제목입니다.'),
	(76,'게시물 내용입니다.','SeolHun','2017-03-15 09:22:53',0,0,NULL,0,0,0,NULL,'2017-03-15 09:22:53','LINUX','게시판 제목입니다.'),
	(77,'게시물 내용입니다.','SeolHun','2017-03-15 09:22:53',0,0,NULL,0,0,0,NULL,'2017-03-15 09:22:53','DB','게시판 제목입니다.'),
	(78,'게시물 내용입니다.','SeolHun','2017-03-15 09:22:53',0,0,NULL,0,0,0,NULL,'2017-03-15 09:22:53','MAC','게시판 제목입니다.'),
	(79,'게시물 내용입니다.','SeolHun','2017-03-15 09:22:53',0,0,NULL,0,0,0,NULL,'2017-03-15 09:22:53','JAVA','게시판 제목입니다.'),
	(80,'게시물 내용입니다.','SeolHun','2017-03-15 09:22:53',0,0,NULL,0,0,0,NULL,'2017-03-15 09:22:53','SPRING','게시판 제목입니다.'),
	(81,'게시물 내용입니다.','SeolHun','2017-03-15 09:22:53',0,0,NULL,0,0,0,NULL,'2017-03-15 09:22:53','JAVASCRIPT','게시판 제목입니다.'),
	(82,'게시물 내용입니다.','SeolHun','2017-03-15 09:22:53',0,0,NULL,0,0,0,NULL,'2017-03-15 09:22:53','ANGULAR','게시판 제목입니다.'),
	(83,'게시물 내용입니다.','SeolHun','2017-03-15 09:22:53',0,0,NULL,0,0,0,NULL,'2017-03-15 09:22:53','LINUX','게시판 제목입니다.'),
	(84,'게시물 내용입니다.','SeolHun','2017-03-15 09:22:53',0,0,NULL,0,0,0,NULL,'2017-03-15 09:22:53','DB','게시판 제목입니다.'),
	(85,'게시물 내용입니다.','SeolHun','2017-03-15 09:22:53',0,0,NULL,0,0,0,NULL,'2017-03-15 09:22:53','MAC','게시판 제목입니다.'),
	(86,'게시물 내용입니다.','SeolHun','2017-03-15 09:22:53',0,0,NULL,0,0,0,NULL,'2017-03-15 09:22:53','JAVA','게시판 제목입니다.'),
	(87,'게시물 내용입니다.','SeolHun','2017-03-15 09:22:53',0,0,NULL,0,0,0,NULL,'2017-03-15 09:22:53','SPRING','게시판 제목입니다.'),
	(88,'게시물 내용입니다.','SeolHun','2017-03-15 09:22:53',0,0,NULL,0,0,0,NULL,'2017-03-15 09:22:53','JAVASCRIPT','게시판 제목입니다.'),
	(89,'게시물 내용입니다.','SeolHun','2017-03-15 09:22:53',0,0,NULL,0,0,0,NULL,'2017-03-15 09:22:53','ANGULAR','게시판 제목입니다.'),
	(90,'게시물 내용입니다.','SeolHun','2017-03-15 09:22:53',0,0,NULL,0,0,0,NULL,'2017-03-15 09:22:53','LINUX','게시판 제목입니다.'),
	(91,'게시물 내용입니다.','SeolHun','2017-03-15 09:22:53',0,0,NULL,0,0,0,NULL,'2017-03-15 09:22:53','DB','게시판 제목입니다.'),
	(92,'게시물 내용입니다.','SeolHun','2017-03-15 09:22:53',0,0,NULL,0,0,0,NULL,'2017-03-15 09:22:53','MAC','게시판 제목입니다.'),
	(93,'게시물 내용입니다.','SeolHun','2017-03-15 09:22:53',0,0,NULL,0,0,0,NULL,'2017-03-15 09:22:53','JAVA','게시판 제목입니다.'),
	(94,'게시물 내용입니다.','SeolHun','2017-03-15 09:22:53',0,0,NULL,0,0,0,NULL,'2017-03-15 09:22:53','SPRING','게시판 제목입니다.'),
	(95,'게시물 내용입니다.','SeolHun','2017-03-15 09:22:53',0,0,NULL,0,0,0,NULL,'2017-03-15 09:22:53','JAVASCRIPT','게시판 제목입니다.'),
	(96,'게시물 내용입니다.','SeolHun','2017-03-15 09:22:53',0,0,NULL,0,0,0,NULL,'2017-03-15 09:22:53','ANGULAR','게시판 제목입니다.'),
	(97,'게시물 내용입니다.','SeolHun','2017-03-15 09:22:53',0,0,NULL,0,0,0,NULL,'2017-03-15 09:22:53','LINUX','게시판 제목입니다.'),
	(98,'게시물 내용입니다.','SeolHun','2017-03-15 09:22:53',0,0,NULL,0,0,0,NULL,'2017-03-15 09:22:53','DB','게시판 제목입니다.'),
	(99,'게시물 내용입니다.','SeolHun','2017-03-15 09:22:53',0,0,NULL,0,0,0,NULL,'2017-03-15 09:22:53','MAC','게시판 제목입니다.'),
	(100,'게시물 내용입니다.','SeolHun','2017-03-15 09:22:53',0,0,NULL,0,0,0,NULL,'2017-03-15 09:22:53','JAVA','게시판 제목입니다.'),
	(101,'게시물 내용입니다.','SeolHun','2017-03-15 09:22:53',0,0,NULL,0,0,0,NULL,'2017-03-15 09:22:53','SPRING','게시판 제목입니다.'),
	(102,'게시물 내용입니다.','SeolHun','2017-03-15 09:22:53',0,0,NULL,0,0,0,NULL,'2017-03-15 09:22:53','JAVASCRIPT','게시판 제목입니다.'),
	(103,'게시물 내용입니다.','SeolHun','2017-03-15 09:22:53',0,0,NULL,0,0,0,NULL,'2017-03-15 09:22:53','ANGULAR','게시판 제목입니다.'),
	(104,'게시물 내용입니다.','SeolHun','2017-03-15 09:22:53',0,0,NULL,0,0,0,NULL,'2017-03-15 09:22:53','LINUX','게시판 제목입니다.'),
	(105,'게시물 내용입니다.','SeolHun','2017-03-15 09:22:53',0,0,NULL,0,0,0,NULL,'2017-03-15 09:22:53','DB','게시판 제목입니다.'),
	(106,'게시물 내용입니다.','SeolHun','2017-03-15 09:22:53',0,0,NULL,0,0,0,NULL,'2017-03-15 09:22:53','MAC','게시판 제목입니다.'),
	(107,'게시물 내용입니다.','SeolHun','2017-03-15 09:22:53',0,0,NULL,0,0,0,NULL,'2017-03-15 09:22:53','JAVA','게시판 제목입니다.'),
	(108,'게시물 내용입니다.','SeolHun','2017-03-15 09:22:53',0,0,NULL,0,0,0,NULL,'2017-03-15 09:22:53','SPRING','게시판 제목입니다.'),
	(109,'게시물 내용입니다.','SeolHun','2017-03-15 09:22:53',0,0,NULL,0,0,0,NULL,'2017-03-15 09:22:53','JAVASCRIPT','게시판 제목입니다.'),
	(110,'게시물 내용입니다.','SeolHun','2017-03-15 09:22:53',0,0,NULL,0,0,0,NULL,'2017-03-15 09:22:53','ANGULAR','게시판 제목입니다.'),
	(111,'게시물 내용입니다.','SeolHun','2017-03-15 09:22:53',0,0,NULL,0,0,0,NULL,'2017-03-15 09:22:53','LINUX','게시판 제목입니다.'),
	(112,'게시물 내용입니다.','SeolHun','2017-03-15 09:22:53',0,0,NULL,0,0,0,NULL,'2017-03-15 09:22:53','DB','게시판 제목입니다.'),
	(113,'게시물 내용입니다.','SeolHun','2017-03-15 09:22:53',0,0,NULL,0,0,0,NULL,'2017-03-15 09:22:53','MAC','게시판 제목입니다.'),
	(114,'게시물 내용입니다.','SeolHun','2017-03-15 09:22:53',0,0,NULL,0,0,0,NULL,'2017-03-15 09:22:53','JAVA','게시판 제목입니다.'),
	(115,'게시물 내용입니다.','SeolHun','2017-03-15 09:22:53',0,0,NULL,0,0,0,NULL,'2017-03-15 09:22:53','SPRING','게시판 제목입니다.'),
	(116,'게시물 내용입니다.','SeolHun','2017-03-15 09:22:53',0,0,NULL,0,0,0,NULL,'2017-03-15 09:22:53','JAVASCRIPT','게시판 제목입니다.'),
	(117,'게시물 내용입니다.','SeolHun','2017-03-15 09:22:53',0,0,NULL,0,0,0,NULL,'2017-03-15 09:22:53','ANGULAR','게시판 제목입니다.'),
	(118,'게시물 내용입니다.','SeolHun','2017-03-15 09:22:53',0,0,NULL,0,0,0,NULL,'2017-03-15 09:22:53','LINUX','게시판 제목입니다.'),
	(119,'게시물 내용입니다.','SeolHun','2017-03-15 09:22:53',0,0,NULL,0,0,0,NULL,'2017-03-15 09:22:53','DB','게시판 제목입니다.'),
	(120,'게시물 내용입니다.','SeolHun','2017-03-15 09:22:53',0,0,NULL,0,0,0,NULL,'2017-03-15 09:22:53','MAC','게시판 제목입니다.'),
	(121,'게시물 내용입니다.','SeolHun','2017-03-15 09:22:53',0,0,NULL,0,0,0,NULL,'2017-03-15 09:22:53','JAVA','게시판 제목입니다.'),
	(122,'게시물 내용입니다.','SeolHun','2017-03-15 09:22:53',0,0,NULL,0,0,0,NULL,'2017-03-15 09:22:53','SPRING','게시판 제목입니다.'),
	(123,'게시물 내용입니다.','SeolHun','2017-03-15 09:22:53',0,0,NULL,0,0,0,NULL,'2017-03-15 09:22:53','JAVASCRIPT','게시판 제목입니다.'),
	(124,'게시물 내용입니다.','SeolHun','2017-03-15 09:22:53',0,0,NULL,0,0,0,NULL,'2017-03-15 09:22:53','ANGULAR','게시판 제목입니다.'),
	(125,'게시물 내용입니다.','SeolHun','2017-03-15 09:22:53',0,0,NULL,0,0,0,NULL,'2017-03-15 09:22:53','LINUX','게시판 제목입니다.'),
	(126,'게시물 내용입니다.','SeolHun','2017-03-15 09:22:53',0,0,NULL,0,0,0,NULL,'2017-03-15 09:22:53','DB','게시판 제목입니다.'),
	(127,'게시물 내용입니다.','SeolHun','2017-03-15 09:22:53',0,0,NULL,0,0,0,NULL,'2017-03-15 09:22:53','MAC','게시판 제목입니다.'),
	(128,'게시물 내용입니다.','SeolHun','2017-03-15 09:22:53',0,0,NULL,0,0,0,NULL,'2017-03-15 09:22:53','JAVA','게시판 제목입니다.'),
	(129,'게시물 내용입니다.','SeolHun','2017-03-15 09:22:53',0,0,NULL,0,0,0,NULL,'2017-03-15 09:22:53','SPRING','게시판 제목입니다.'),
	(130,'게시물 내용입니다.','SeolHun','2017-03-15 09:22:53',0,0,NULL,0,0,0,NULL,'2017-03-15 09:22:53','JAVASCRIPT','게시판 제목입니다.'),
	(131,'게시물 내용입니다.','SeolHun','2017-03-15 09:22:53',0,0,NULL,0,0,0,NULL,'2017-03-15 09:22:53','ANGULAR','게시판 제목입니다.'),
	(132,'게시물 내용입니다.','SeolHun','2017-03-15 09:22:53',0,0,NULL,0,0,0,NULL,'2017-03-15 09:22:53','LINUX','게시판 제목입니다.'),
	(133,'게시물 내용입니다.','SeolHun','2017-03-15 09:22:53',0,0,NULL,0,0,0,NULL,'2017-03-15 09:22:53','DB','게시판 제목입니다.'),
	(134,'게시물 내용입니다.','SeolHun','2017-03-15 09:22:53',0,0,NULL,0,0,0,NULL,'2017-03-15 09:22:53','MAC','게시판 제목입니다.'),
	(135,'게시물 내용입니다.','SeolHun','2017-03-15 09:22:53',0,0,NULL,0,0,0,NULL,'2017-03-15 09:22:53','JAVA','게시판 제목입니다.'),
	(136,'게시물 내용입니다.','SeolHun','2017-03-15 09:22:53',0,0,NULL,0,0,0,NULL,'2017-03-15 09:22:53','SPRING','게시판 제목입니다.'),
	(137,'게시물 내용입니다.','SeolHun','2017-03-15 09:22:53',0,0,NULL,0,0,0,NULL,'2017-03-15 09:22:53','JAVASCRIPT','게시판 제목입니다.'),
	(138,'게시물 내용입니다.','SeolHun','2017-03-15 09:22:53',0,0,NULL,0,0,0,NULL,'2017-03-15 09:22:53','ANGULAR','게시판 제목입니다.'),
	(139,'게시물 내용입니다.','SeolHun','2017-03-15 09:22:53',0,0,NULL,0,0,0,NULL,'2017-03-15 09:22:53','LINUX','게시판 제목입니다.'),
	(140,'게시물 내용입니다.','SeolHun','2017-03-15 09:22:53',0,0,NULL,0,0,0,NULL,'2017-03-15 09:22:53','DB','게시판 제목입니다.'),
	(141,'게시물 내용입니다.','SeolHun','2017-03-15 09:22:53',0,0,NULL,0,0,0,NULL,'2017-03-15 09:22:53','MAC','게시판 제목입니다.'),
	(142,'게시물 내용입니다.','SeolHun','2017-03-15 09:22:53',0,0,NULL,0,0,0,NULL,'2017-03-15 09:22:53','JAVA','게시판 제목입니다.'),
	(143,'게시물 내용입니다.','SeolHun','2017-03-15 09:22:53',0,0,NULL,0,0,0,NULL,'2017-03-15 09:22:53','SPRING','게시판 제목입니다.'),
	(144,'게시물 내용입니다.','SeolHun','2017-03-15 09:22:53',0,0,NULL,0,0,0,NULL,'2017-03-15 09:22:53','JAVASCRIPT','게시판 제목입니다.'),
	(145,'게시물 내용입니다.','SeolHun','2017-03-15 09:22:53',0,0,NULL,0,0,0,NULL,'2017-03-15 09:22:53','ANGULAR','게시판 제목입니다.'),
	(146,'게시물 내용입니다.','SeolHun','2017-03-15 09:22:53',0,0,NULL,0,0,0,NULL,'2017-03-15 09:22:53','LINUX','게시판 제목입니다.'),
	(147,'게시물 내용입니다.','SeolHun','2017-03-15 09:22:53',0,0,NULL,0,0,0,NULL,'2017-03-15 09:22:53','DB','게시판 제목입니다.'),
	(148,'게시물 내용입니다.','SeolHun','2017-03-15 09:22:53',0,0,NULL,0,0,0,NULL,'2017-03-15 09:22:53','MAC','게시판 제목입니다.'),
	(149,'게시물 내용입니다.','SeolHun','2017-03-15 09:22:53',0,0,NULL,0,0,0,NULL,'2017-03-15 09:22:53','JAVA','게시판 제목입니다.'),
	(150,'게시물 내용입니다.','SeolHun','2017-03-15 09:22:53',0,0,NULL,0,0,0,NULL,'2017-03-15 09:22:53','SPRING','게시판 제목입니다.'),
	(151,'게시물 내용입니다.','SeolHun','2017-03-15 09:22:53',0,0,NULL,0,0,0,NULL,'2017-03-15 09:22:53','JAVASCRIPT','게시판 제목입니다.'),
	(152,'게시물 내용입니다.','SeolHun','2017-03-15 09:22:53',0,0,NULL,0,0,0,NULL,'2017-03-15 09:22:53','ANGULAR','게시판 제목입니다.'),
	(153,'게시물 내용입니다.','SeolHun','2017-03-15 09:22:53',0,0,NULL,0,0,0,NULL,'2017-03-15 09:22:53','LINUX','게시판 제목입니다.'),
	(154,'게시물 내용입니다.','SeolHun','2017-03-15 09:22:53',0,0,NULL,0,0,0,NULL,'2017-03-15 09:22:53','DB','게시판 제목입니다.'),
	(155,'게시물 내용입니다.','SeolHun','2017-03-15 09:22:53',0,0,NULL,0,0,0,NULL,'2017-03-15 09:22:53','MAC','게시판 제목입니다.'),
	(156,'게시물 내용입니다.','SeolHun','2017-03-15 09:22:53',0,0,NULL,0,0,0,NULL,'2017-03-15 09:22:53','JAVA','게시판 제목입니다.'),
	(157,'게시물 내용입니다.','SeolHun','2017-03-15 09:22:53',0,0,NULL,0,0,0,NULL,'2017-03-15 09:22:53','SPRING','게시판 제목입니다.'),
	(158,'게시물 내용입니다.','SeolHun','2017-03-15 09:22:53',0,0,NULL,0,0,0,NULL,'2017-03-15 09:22:53','JAVASCRIPT','게시판 제목입니다.'),
	(159,'게시물 내용입니다.','SeolHun','2017-03-15 09:22:53',0,0,NULL,0,0,0,NULL,'2017-03-15 09:22:53','ANGULAR','게시판 제목입니다.'),
	(160,'게시물 내용입니다.','SeolHun','2017-03-15 09:22:53',0,0,NULL,0,0,0,NULL,'2017-03-15 09:22:53','LINUX','게시판 제목입니다.'),
	(161,'게시물 내용입니다.','SeolHun','2017-03-15 09:22:53',0,0,NULL,0,0,0,NULL,'2017-03-15 09:22:53','DB','게시판 제목입니다.'),
	(162,'게시물 내용입니다.','SeolHun','2017-03-15 09:22:53',0,0,NULL,0,0,0,NULL,'2017-03-15 09:22:53','MAC','게시판 제목입니다.'),
	(163,'게시물 내용입니다.','SeolHun','2017-03-15 09:22:53',0,0,NULL,0,0,0,NULL,'2017-03-15 09:22:53','JAVA','게시판 제목입니다.'),
	(164,'게시물 내용입니다.','SeolHun','2017-03-15 09:22:53',0,0,NULL,0,0,0,NULL,'2017-03-15 09:22:53','SPRING','게시판 제목입니다.'),
	(165,'게시물 내용입니다.','SeolHun','2017-03-15 09:22:53',0,0,NULL,0,0,0,NULL,'2017-03-15 09:22:53','JAVASCRIPT','게시판 제목입니다.'),
	(166,'게시물 내용입니다.','SeolHun','2017-03-15 09:22:53',0,0,NULL,0,0,0,NULL,'2017-03-15 09:22:53','ANGULAR','게시판 제목입니다.'),
	(167,'게시물 내용입니다.','SeolHun','2017-03-15 09:22:53',0,0,NULL,0,0,0,NULL,'2017-03-15 09:22:53','LINUX','게시판 제목입니다.'),
	(168,'게시물 내용입니다.','SeolHun','2017-03-15 09:22:53',0,0,NULL,0,0,0,NULL,'2017-03-15 09:22:53','DB','게시판 제목입니다.'),
	(169,'게시물 내용입니다.','SeolHun','2017-03-15 09:22:53',0,0,NULL,0,0,0,NULL,'2017-03-15 09:22:53','MAC','게시판 제목입니다.'),
	(170,'게시물 내용입니다.','SeolHun','2017-03-15 09:22:53',0,0,NULL,0,0,0,NULL,'2017-03-15 09:22:53','JAVA','게시판 제목입니다.'),
	(171,'게시물 내용입니다.','SeolHun','2017-03-15 09:22:53',0,0,NULL,0,0,0,NULL,'2017-03-15 09:22:53','SPRING','게시판 제목입니다.'),
	(172,'게시물 내용입니다.','SeolHun','2017-03-15 09:22:53',0,0,NULL,0,0,0,NULL,'2017-03-15 09:22:53','JAVASCRIPT','게시판 제목입니다.'),
	(173,'게시물 내용입니다.','SeolHun','2017-03-15 09:22:53',0,0,NULL,0,0,0,NULL,'2017-03-15 09:22:53','ANGULAR','게시판 제목입니다.'),
	(174,'게시물 내용입니다.','SeolHun','2017-03-15 09:22:53',0,0,NULL,0,0,0,NULL,'2017-03-15 09:22:53','LINUX','게시판 제목입니다.'),
	(175,'게시물 내용입니다.','SeolHun','2017-03-15 09:22:53',0,0,NULL,0,0,0,NULL,'2017-03-15 09:22:53','DB','게시판 제목입니다.'),
	(176,'게시물 내용입니다.','SeolHun','2017-03-15 09:22:53',0,0,NULL,0,0,0,NULL,'2017-03-15 09:22:53','MAC','게시판 제목입니다.'),
	(177,'게시물 내용입니다.','SeolHun','2017-03-15 09:22:53',0,0,NULL,0,0,0,NULL,'2017-03-15 09:22:53','JAVA','게시판 제목입니다.'),
	(178,'게시물 내용입니다.','SeolHun','2017-03-15 09:22:53',0,0,NULL,0,0,0,NULL,'2017-03-15 09:22:53','SPRING','게시판 제목입니다.'),
	(179,'게시물 내용입니다.','SeolHun','2017-03-15 09:22:53',0,0,NULL,0,0,0,NULL,'2017-03-15 09:22:53','JAVASCRIPT','게시판 제목입니다.'),
	(180,'게시물 내용입니다.','SeolHun','2017-03-15 09:22:53',0,0,NULL,0,0,0,NULL,'2017-03-15 09:22:53','ANGULAR','게시판 제목입니다.'),
	(181,'게시물 내용입니다.','SeolHun','2017-03-15 09:22:53',0,0,NULL,0,0,0,NULL,'2017-03-15 09:22:53','LINUX','게시판 제목입니다.'),
	(182,'게시물 내용입니다.','SeolHun','2017-03-15 09:22:53',0,0,NULL,0,0,0,NULL,'2017-03-15 09:22:53','DB','게시판 제목입니다.'),
	(183,'게시물 내용입니다.','SeolHun','2017-03-15 09:22:53',0,0,NULL,0,0,0,NULL,'2017-03-15 09:22:53','MAC','게시판 제목입니다.'),
	(184,'게시물 내용입니다.','SeolHun','2017-03-15 09:22:53',0,0,NULL,0,0,0,NULL,'2017-03-15 09:22:53','JAVA','게시판 제목입니다.'),
	(185,'게시물 내용입니다.','SeolHun','2017-03-15 09:22:53',0,0,NULL,0,0,0,NULL,'2017-03-15 09:22:53','SPRING','게시판 제목입니다.'),
	(186,'게시물 내용입니다.','SeolHun','2017-03-15 09:22:53',0,0,NULL,0,0,0,NULL,'2017-03-15 09:22:53','JAVASCRIPT','게시판 제목입니다.'),
	(187,'게시물 내용입니다.','SeolHun','2017-03-15 09:22:53',0,0,NULL,0,0,0,NULL,'2017-03-15 09:22:53','ANGULAR','게시판 제목입니다.'),
	(188,'게시물 내용입니다.','SeolHun','2017-03-15 09:22:53',0,0,NULL,0,0,0,NULL,'2017-03-15 09:22:53','LINUX','게시판 제목입니다.'),
	(189,'게시물 내용입니다.','SeolHun','2017-03-15 09:22:53',0,0,NULL,0,0,0,NULL,'2017-03-15 09:22:53','DB','게시판 제목입니다.'),
	(190,'게시물 내용입니다.','SeolHun','2017-03-15 09:22:53',0,0,NULL,0,0,0,NULL,'2017-03-15 09:22:53','MAC','게시판 제목입니다.'),
	(191,'게시물 내용입니다.','SeolHun','2017-03-15 09:22:53',0,0,NULL,0,0,0,NULL,'2017-03-15 09:22:53','JAVA','게시판 제목입니다.'),
	(192,'게시물 내용입니다.','SeolHun','2017-03-15 09:22:53',0,0,NULL,0,0,0,NULL,'2017-03-15 09:22:53','SPRING','게시판 제목입니다.'),
	(193,'게시물 내용입니다.','SeolHun','2017-03-15 09:22:53',0,0,NULL,0,0,0,NULL,'2017-03-15 09:22:53','JAVASCRIPT','게시판 제목입니다.'),
	(194,'게시물 내용입니다.','SeolHun','2017-03-15 09:22:53',0,0,NULL,0,0,0,NULL,'2017-03-15 09:22:53','ANGULAR','게시판 제목입니다.'),
	(195,'게시물 내용입니다.','SeolHun','2017-03-15 09:22:53',0,0,NULL,0,0,0,NULL,'2017-03-15 09:22:53','LINUX','게시판 제목입니다.'),
	(196,'게시물 내용입니다.','SeolHun','2017-03-15 09:22:53',0,0,NULL,0,0,0,NULL,'2017-03-15 09:22:53','DB','게시판 제목입니다.'),
	(197,'게시물 내용입니다.','SeolHun','2017-03-15 09:22:53',0,0,NULL,0,0,0,NULL,'2017-03-15 09:22:53','MAC','게시판 제목입니다.'),
	(198,'게시물 내용입니다.','SeolHun','2017-03-15 09:22:53',0,0,NULL,0,0,0,NULL,'2017-03-15 09:22:53','JAVA','게시판 제목입니다.'),
	(199,'게시물 내용입니다.','SeolHun','2017-03-15 09:22:53',0,0,NULL,0,0,0,NULL,'2017-03-15 09:22:53','SPRING','게시판 제목입니다.'),
	(200,'게시물 내용입니다.','SeolHun','2017-03-15 09:22:53',0,0,NULL,0,0,0,NULL,'2017-03-15 09:22:53','JAVASCRIPT','게시판 제목입니다.'),
	(201,'게시물 내용입니다.','SeolHun','2017-03-15 09:22:53',0,0,NULL,0,0,0,NULL,'2017-03-15 09:22:53','ANGULAR','게시판 제목입니다.'),
	(202,'게시물 내용입니다.','SeolHun','2017-03-15 09:22:53',0,0,NULL,0,0,0,NULL,'2017-03-15 09:22:53','LINUX','게시판 제목입니다.'),
	(203,'게시물 내용입니다.','SeolHun','2017-03-15 09:22:53',0,0,NULL,0,0,0,NULL,'2017-03-15 09:22:53','DB','게시판 제목입니다.'),
	(204,'게시물 내용입니다.','SeolHun','2017-03-15 09:22:53',0,0,NULL,0,0,0,NULL,'2017-03-15 09:22:53','MAC','게시판 제목입니다.'),
	(205,'게시물 내용입니다.','SeolHun','2017-03-15 09:22:53',0,0,NULL,0,0,0,NULL,'2017-03-15 09:22:53','JAVA','게시판 제목입니다.'),
	(206,'게시물 내용입니다.','SeolHun','2017-03-15 09:22:53',0,0,NULL,0,0,0,NULL,'2017-03-15 09:22:53','SPRING','게시판 제목입니다.'),
	(207,'게시물 내용입니다.','SeolHun','2017-03-15 09:22:53',0,0,NULL,0,0,0,NULL,'2017-03-15 09:22:53','JAVASCRIPT','게시판 제목입니다.'),
	(208,'게시물 내용입니다.','SeolHun','2017-03-15 09:22:53',0,0,NULL,0,0,0,NULL,'2017-03-15 09:22:53','ANGULAR','게시판 제목입니다.'),
	(209,'게시물 내용입니다.','SeolHun','2017-03-15 09:22:53',0,0,NULL,0,0,0,NULL,'2017-03-15 09:22:53','LINUX','게시판 제목입니다.'),
	(210,'게시물 내용입니다.','SeolHun','2017-03-15 09:22:53',0,0,NULL,0,0,0,NULL,'2017-03-15 09:22:53','DB','게시판 제목입니다.'),
	(211,'게시물 내용입니다.','SeolHun','2017-03-15 09:22:53',0,0,NULL,0,0,0,NULL,'2017-03-15 09:22:53','MAC','게시판 제목입니다.'),
	(212,'게시물 내용입니다.','SeolHun','2017-03-15 09:22:53',0,0,NULL,0,0,0,NULL,'2017-03-15 09:22:53','JAVA','게시판 제목입니다.'),
	(213,'게시물 내용입니다.','SeolHun','2017-03-15 09:22:53',0,0,NULL,0,0,0,NULL,'2017-03-15 09:22:53','SPRING','게시판 제목입니다.'),
	(214,'게시물 내용입니다.','SeolHun','2017-03-15 09:22:53',0,0,NULL,0,0,0,NULL,'2017-03-15 09:22:53','JAVASCRIPT','게시판 제목입니다.'),
	(215,'게시물 내용입니다.','SeolHun','2017-03-15 09:22:53',0,0,NULL,0,0,0,NULL,'2017-03-15 09:22:53','ANGULAR','게시판 제목입니다.'),
	(216,'게시물 내용입니다.','SeolHun','2017-03-15 09:22:53',0,0,NULL,0,0,0,NULL,'2017-03-15 09:22:53','LINUX','게시판 제목입니다.'),
	(217,'게시물 내용입니다.','SeolHun','2017-03-15 09:22:53',0,0,NULL,0,0,0,NULL,'2017-03-15 09:22:53','DB','게시판 제목입니다.'),
	(218,'게시물 내용입니다.','SeolHun','2017-03-15 09:22:53',0,0,NULL,0,0,0,NULL,'2017-03-15 09:22:53','MAC','게시판 제목입니다.'),
	(219,'게시물 내용입니다.','SeolHun','2017-03-15 09:22:53',0,0,NULL,0,0,0,NULL,'2017-03-15 09:22:53','JAVA','게시판 제목입니다.'),
	(220,'게시물 내용입니다.','SeolHun','2017-03-15 09:22:53',0,0,NULL,0,0,0,NULL,'2017-03-15 09:22:53','SPRING','게시판 제목입니다.'),
	(221,'게시물 내용입니다.','SeolHun','2017-03-15 09:22:53',0,0,NULL,0,0,0,NULL,'2017-03-15 09:22:53','JAVASCRIPT','게시판 제목입니다.'),
	(222,'게시물 내용입니다.','SeolHun','2017-03-15 09:22:53',0,0,NULL,0,0,0,NULL,'2017-03-15 09:22:53','ANGULAR','게시판 제목입니다.'),
	(223,'게시물 내용입니다.','SeolHun','2017-03-15 09:22:53',0,0,NULL,0,0,0,NULL,'2017-03-15 09:22:53','LINUX','게시판 제목입니다.'),
	(224,'게시물 내용입니다.','SeolHun','2017-03-15 09:22:53',0,0,NULL,0,0,0,NULL,'2017-03-15 09:22:53','DB','게시판 제목입니다.'),
	(225,'게시물 내용입니다.','SeolHun','2017-03-15 09:22:53',0,0,NULL,0,0,0,NULL,'2017-03-15 09:22:53','MAC','게시판 제목입니다.'),
	(226,'게시물 내용입니다.','SeolHun','2017-03-15 09:22:53',0,0,NULL,0,0,0,NULL,'2017-03-15 09:22:53','JAVA','게시판 제목입니다.'),
	(227,'게시물 내용입니다.','SeolHun','2017-03-15 09:22:53',0,0,NULL,0,0,0,NULL,'2017-03-15 09:22:53','SPRING','게시판 제목입니다.'),
	(228,'게시물 내용입니다.','SeolHun','2017-03-15 09:22:53',0,0,NULL,0,0,0,NULL,'2017-03-15 09:22:53','JAVASCRIPT','게시판 제목입니다.'),
	(229,'게시물 내용입니다.','SeolHun','2017-03-15 09:22:53',0,0,NULL,0,0,0,NULL,'2017-03-15 09:22:53','ANGULAR','게시판 제목입니다.'),
	(230,'게시물 내용입니다.','SeolHun','2017-03-15 09:22:53',0,0,NULL,0,0,0,NULL,'2017-03-15 09:22:53','LINUX','게시판 제목입니다.'),
	(231,'게시물 내용입니다.','SeolHun','2017-03-15 09:22:53',0,0,NULL,0,0,0,NULL,'2017-03-15 09:22:53','DB','게시판 제목입니다.'),
	(232,'게시물 내용입니다.','SeolHun','2017-03-15 09:22:53',0,0,NULL,0,0,0,NULL,'2017-03-15 09:22:53','MAC','게시판 제목입니다.'),
	(233,'게시물 내용입니다.','SeolHun','2017-03-15 09:22:53',0,0,NULL,0,0,0,NULL,'2017-03-15 09:22:53','JAVA','게시판 제목입니다.'),
	(234,'게시물 내용입니다.','SeolHun','2017-03-15 09:22:53',0,0,NULL,0,0,0,NULL,'2017-03-15 09:22:53','SPRING','게시판 제목입니다.'),
	(235,'게시물 내용입니다.','SeolHun','2017-03-15 09:22:53',0,0,NULL,0,0,0,NULL,'2017-03-15 09:22:53','JAVASCRIPT','게시판 제목입니다.'),
	(236,'게시물 내용입니다.','SeolHun','2017-03-15 09:22:53',0,0,NULL,0,0,0,NULL,'2017-03-15 09:22:53','ANGULAR','게시판 제목입니다.'),
	(237,'게시물 내용입니다.','SeolHun','2017-03-15 09:22:53',0,0,NULL,0,0,0,NULL,'2017-03-15 09:22:53','LINUX','게시판 제목입니다.'),
	(238,'게시물 내용입니다.','SeolHun','2017-03-15 09:22:53',0,0,NULL,0,0,0,NULL,'2017-03-15 09:22:53','DB','게시판 제목입니다.'),
	(239,'게시물 내용입니다.','SeolHun','2017-03-15 09:22:53',0,0,NULL,0,0,0,NULL,'2017-03-15 09:22:53','MAC','게시판 제목입니다.'),
	(240,'게시물 내용입니다.','SeolHun','2017-03-15 09:22:53',0,0,NULL,0,0,0,NULL,'2017-03-15 09:22:53','JAVA','게시판 제목입니다.'),
	(241,'게시물 내용입니다.','SeolHun','2017-03-15 09:22:53',0,0,NULL,0,0,0,NULL,'2017-03-15 09:22:53','SPRING','게시판 제목입니다.'),
	(242,'게시물 내용입니다.','SeolHun','2017-03-15 09:22:53',0,0,NULL,0,0,0,NULL,'2017-03-15 09:22:53','JAVASCRIPT','게시판 제목입니다.'),
	(243,'게시물 내용입니다.','SeolHun','2017-03-15 09:22:53',0,0,NULL,0,0,0,NULL,'2017-03-15 09:22:53','ANGULAR','게시판 제목입니다.'),
	(244,'게시물 내용입니다.','SeolHun','2017-03-15 09:22:53',0,0,NULL,0,0,0,NULL,'2017-03-15 09:22:53','LINUX','게시판 제목입니다.'),
	(245,'게시물 내용입니다.','SeolHun','2017-03-15 09:22:53',0,0,NULL,0,0,0,NULL,'2017-03-15 09:22:53','DB','게시판 제목입니다.'),
	(246,'게시물 내용입니다.','SeolHun','2017-03-15 09:22:53',0,0,NULL,0,0,0,NULL,'2017-03-15 09:22:53','MAC','게시판 제목입니다.'),
	(247,'게시물 내용입니다.','SeolHun','2017-03-15 09:22:53',0,0,NULL,0,0,0,NULL,'2017-03-15 09:22:53','JAVA','게시판 제목입니다.'),
	(248,'게시물 내용입니다.','SeolHun','2017-03-15 09:22:53',0,0,NULL,0,0,0,NULL,'2017-03-15 09:22:53','SPRING','게시판 제목입니다.'),
	(249,'게시물 내용입니다.','SeolHun','2017-03-15 09:22:53',0,0,NULL,0,0,0,NULL,'2017-03-15 09:22:53','JAVASCRIPT','게시판 제목입니다.'),
	(250,'게시물 내용입니다.','SeolHun','2017-03-15 09:22:53',0,0,NULL,0,0,0,NULL,'2017-03-15 09:22:53','ANGULAR','게시판 제목입니다.'),
	(251,'게시물 내용입니다.','SeolHun','2017-03-15 09:22:53',0,0,NULL,0,0,0,NULL,'2017-03-15 09:22:53','LINUX','게시판 제목입니다.'),
	(252,'게시물 내용입니다.','SeolHun','2017-03-15 09:22:53',0,0,NULL,0,0,0,NULL,'2017-03-15 09:22:53','DB','게시판 제목입니다.'),
	(253,'게시물 내용입니다.','SeolHun','2017-03-15 09:22:53',0,0,NULL,0,0,0,NULL,'2017-03-15 09:22:53','MAC','게시판 제목입니다.'),
	(254,'게시물 내용입니다.','SeolHun','2017-03-15 09:22:53',0,0,NULL,0,0,0,NULL,'2017-03-15 09:22:53','JAVA','게시판 제목입니다.'),
	(255,'게시물 내용입니다.','SeolHun','2017-03-15 09:22:53',0,0,NULL,0,0,0,NULL,'2017-03-15 09:22:53','SPRING','게시판 제목입니다.'),
	(256,'게시물 내용입니다.','SeolHun','2017-03-15 09:22:53',0,0,NULL,0,0,0,NULL,'2017-03-15 09:22:53','JAVASCRIPT','게시판 제목입니다.'),
	(257,'게시물 내용입니다.','SeolHun','2017-03-15 09:22:53',0,0,NULL,0,0,0,NULL,'2017-03-15 09:22:53','ANGULAR','게시판 제목입니다.'),
	(258,'게시물 내용입니다.','SeolHun','2017-03-15 09:22:53',0,0,NULL,0,0,0,NULL,'2017-03-15 09:22:53','LINUX','게시판 제목입니다.'),
	(259,'게시물 내용입니다.','SeolHun','2017-03-15 09:22:53',0,0,NULL,0,0,0,NULL,'2017-03-15 09:22:53','DB','게시판 제목입니다.'),
	(260,'게시물 내용입니다.','SeolHun','2017-03-15 09:22:53',0,0,NULL,0,0,0,NULL,'2017-03-15 09:22:53','MAC','게시판 제목입니다.'),
	(261,'게시물 내용입니다.','SeolHun','2017-03-15 09:22:53',0,0,NULL,0,0,0,NULL,'2017-03-15 09:22:53','JAVA','게시판 제목입니다.'),
	(262,'게시물 내용입니다.','SeolHun','2017-03-15 09:22:53',0,0,NULL,0,0,0,NULL,'2017-03-15 09:22:53','SPRING','게시판 제목입니다.'),
	(263,'게시물 내용입니다.','SeolHun','2017-03-15 09:22:53',0,0,NULL,0,0,0,NULL,'2017-03-15 09:22:53','JAVASCRIPT','게시판 제목입니다.'),
	(264,'게시물 내용입니다.','SeolHun','2017-03-15 09:22:53',0,0,NULL,0,0,0,NULL,'2017-03-15 09:22:53','ANGULAR','게시판 제목입니다.'),
	(265,'게시물 내용입니다.','SeolHun','2017-03-15 09:22:53',0,0,NULL,0,0,0,NULL,'2017-03-15 09:22:53','LINUX','게시판 제목입니다.'),
	(266,'게시물 내용입니다.','SeolHun','2017-03-15 09:22:53',0,0,NULL,0,0,0,NULL,'2017-03-15 09:22:53','DB','게시판 제목입니다.'),
	(267,'게시물 내용입니다.','SeolHun','2017-03-15 09:22:53',0,0,NULL,0,0,0,NULL,'2017-03-15 09:22:53','MAC','게시판 제목입니다.'),
	(268,'게시물 내용입니다.','SeolHun','2017-03-15 09:22:53',0,0,NULL,0,0,0,NULL,'2017-03-15 09:22:53','JAVA','게시판 제목입니다.'),
	(269,'게시물 내용입니다.','SeolHun','2017-03-15 09:22:53',0,0,NULL,0,0,0,NULL,'2017-03-15 09:22:53','SPRING','게시판 제목입니다.'),
	(270,'게시물 내용입니다.','SeolHun','2017-03-15 09:22:53',0,0,NULL,0,0,0,NULL,'2017-03-15 09:22:53','JAVASCRIPT','게시판 제목입니다.'),
	(271,'게시물 내용입니다.','SeolHun','2017-03-15 09:22:53',0,0,NULL,0,0,0,NULL,'2017-03-15 09:22:53','ANGULAR','게시판 제목입니다.'),
	(272,'게시물 내용입니다.','SeolHun','2017-03-15 09:22:53',0,0,NULL,0,0,0,NULL,'2017-03-15 09:22:53','LINUX','게시판 제목입니다.'),
	(273,'게시물 내용입니다.','SeolHun','2017-03-15 09:22:53',0,0,NULL,0,0,0,NULL,'2017-03-15 09:22:53','DB','게시판 제목입니다.'),
	(274,'게시물 내용입니다.','SeolHun','2017-03-15 09:22:53',0,0,NULL,0,0,0,NULL,'2017-03-15 09:22:53','MAC','게시판 제목입니다.'),
	(275,'게시물 내용입니다.','SeolHun','2017-03-15 09:22:53',0,0,NULL,0,0,0,NULL,'2017-03-15 09:22:53','JAVA','게시판 제목입니다.'),
	(276,'게시물 내용입니다.','SeolHun','2017-03-15 09:22:53',0,0,NULL,0,0,0,NULL,'2017-03-15 09:22:53','SPRING','게시판 제목입니다.'),
	(277,'게시물 내용입니다.','SeolHun','2017-03-15 09:22:53',0,0,NULL,0,0,0,NULL,'2017-03-15 09:22:53','JAVASCRIPT','게시판 제목입니다.'),
	(278,'게시물 내용입니다.','SeolHun','2017-03-15 09:22:53',0,0,NULL,0,0,0,NULL,'2017-03-15 09:22:53','ANGULAR','게시판 제목입니다.'),
	(279,'게시물 내용입니다.','SeolHun','2017-03-15 09:22:53',0,0,NULL,0,0,0,NULL,'2017-03-15 09:22:53','LINUX','게시판 제목입니다.'),
	(280,'게시물 내용입니다.','SeolHun','2017-03-15 09:22:53',0,0,NULL,0,0,0,NULL,'2017-03-15 09:22:53','DB','게시판 제목입니다.'),
	(281,'게시물 내용입니다.','SeolHun','2017-03-15 09:22:53',0,0,NULL,0,0,0,NULL,'2017-03-15 09:22:53','MAC','게시판 제목입니다.'),
	(282,'게시물 내용입니다.','SeolHun','2017-03-15 09:22:53',0,0,NULL,0,0,0,NULL,'2017-03-15 09:22:53','JAVA','게시판 제목입니다.'),
	(283,'게시물 내용입니다.','SeolHun','2017-03-15 09:22:53',0,0,NULL,0,0,0,NULL,'2017-03-15 09:22:53','SPRING','게시판 제목입니다.'),
	(284,'게시물 내용입니다.','SeolHun','2017-03-15 09:22:53',0,0,NULL,0,0,0,NULL,'2017-03-15 09:22:53','JAVASCRIPT','게시판 제목입니다.'),
	(285,'게시물 내용입니다.','SeolHun','2017-03-15 09:22:53',0,0,NULL,0,0,0,NULL,'2017-03-15 09:22:53','ANGULAR','게시판 제목입니다.'),
	(286,'게시물 내용입니다.','SeolHun','2017-03-15 09:22:53',0,0,NULL,0,0,0,NULL,'2017-03-15 09:22:53','LINUX','게시판 제목입니다.'),
	(287,'게시물 내용입니다.','SeolHun','2017-03-15 09:22:53',0,0,NULL,0,0,0,NULL,'2017-03-15 09:22:53','DB','게시판 제목입니다.'),
	(288,'게시물 내용입니다.','SeolHun','2017-03-15 09:22:53',0,0,NULL,0,0,0,NULL,'2017-03-15 09:22:53','MAC','게시판 제목입니다.'),
	(289,'게시물 내용입니다.','SeolHun','2017-03-15 09:22:53',0,0,NULL,0,0,0,NULL,'2017-03-15 09:22:53','JAVA','게시판 제목입니다.'),
	(290,'게시물 내용입니다.','SeolHun','2017-03-15 09:22:53',0,0,NULL,0,0,0,NULL,'2017-03-15 09:22:53','SPRING','게시판 제목입니다.'),
	(291,'게시물 내용입니다.','SeolHun','2017-03-15 09:22:53',0,0,NULL,0,0,0,NULL,'2017-03-15 09:22:53','JAVASCRIPT','게시판 제목입니다.'),
	(292,'게시물 내용입니다.','SeolHun','2017-03-15 09:22:53',0,0,NULL,0,0,0,NULL,'2017-03-15 09:22:53','ANGULAR','게시판 제목입니다.'),
	(293,'게시물 내용입니다.','SeolHun','2017-03-15 09:22:53',0,0,NULL,0,0,0,NULL,'2017-03-15 09:22:53','LINUX','게시판 제목입니다.'),
	(294,'게시물 내용입니다.','SeolHun','2017-03-15 09:22:53',0,0,NULL,0,0,0,NULL,'2017-03-15 09:22:53','DB','게시판 제목입니다.'),
	(295,'게시물 내용입니다.','SeolHun','2017-03-15 09:22:53',0,0,NULL,0,0,0,NULL,'2017-03-15 09:22:53','MAC','게시판 제목입니다.'),
	(296,'게시물 내용입니다.','SeolHun','2017-03-15 09:22:53',0,0,NULL,0,0,0,NULL,'2017-03-15 09:22:53','JAVA','게시판 제목입니다.'),
	(297,'게시물 내용입니다.','SeolHun','2017-03-15 09:22:53',0,0,NULL,0,0,0,NULL,'2017-03-15 09:22:53','SPRING','게시판 제목입니다.'),
	(298,'게시물 내용입니다.','SeolHun','2017-03-15 09:22:53',0,0,NULL,0,0,0,NULL,'2017-03-15 09:22:53','JAVASCRIPT','게시판 제목입니다.'),
	(299,'게시물 내용입니다.','SeolHun','2017-03-15 09:22:53',0,0,NULL,0,0,0,NULL,'2017-03-15 09:22:53','ANGULAR','게시판 제목입니다.'),
	(300,'게시물 내용입니다.','SeolHun','2017-03-15 09:22:53',0,0,NULL,0,0,0,NULL,'2017-03-15 09:22:53','LINUX','게시판 제목입니다.'),
	(301,'게시물 내용입니다.','SeolHun','2017-03-15 09:22:53',0,0,NULL,0,0,0,NULL,'2017-03-15 09:22:53','DB','게시판 제목입니다.'),
	(302,'게시물 내용입니다.','SeolHun','2017-03-15 09:22:53',0,0,NULL,0,0,0,NULL,'2017-03-15 09:22:53','MAC','게시판 제목입니다.'),
	(303,'게시물 내용입니다.','SeolHun','2017-03-15 09:22:53',0,0,NULL,0,0,0,NULL,'2017-03-15 09:22:53','JAVA','게시판 제목입니다.'),
	(304,'게시물 내용입니다.','SeolHun','2017-03-15 09:22:53',0,0,NULL,0,0,0,NULL,'2017-03-15 09:22:53','SPRING','게시판 제목입니다.'),
	(305,'게시물 내용입니다.','SeolHun','2017-03-15 09:22:53',0,0,NULL,0,0,0,NULL,'2017-03-15 09:22:53','JAVASCRIPT','게시판 제목입니다.'),
	(306,'게시물 내용입니다.','SeolHun','2017-03-15 09:22:53',0,0,NULL,0,0,0,NULL,'2017-03-15 09:22:53','ANGULAR','게시판 제목입니다.'),
	(307,'게시물 내용입니다.','SeolHun','2017-03-15 09:22:53',0,0,NULL,0,0,0,NULL,'2017-03-15 09:22:53','LINUX','게시판 제목입니다.'),
	(308,'게시물 내용입니다.','SeolHun','2017-03-15 09:22:53',0,0,NULL,0,0,0,NULL,'2017-03-15 09:22:53','DB','게시판 제목입니다.'),
	(309,'게시물 내용입니다.','SeolHun','2017-03-15 09:22:53',0,0,NULL,0,0,0,NULL,'2017-03-15 09:22:53','MAC','게시판 제목입니다.'),
	(310,'게시물 내용입니다.','SeolHun','2017-03-15 09:22:53',0,0,NULL,0,0,0,NULL,'2017-03-15 09:22:53','JAVA','게시판 제목입니다.'),
	(311,'게시물 내용입니다.','SeolHun','2017-03-15 09:22:53',0,0,NULL,0,0,0,NULL,'2017-03-15 09:22:53','SPRING','게시판 제목입니다.'),
	(312,'게시물 내용입니다.','SeolHun','2017-03-15 09:22:53',0,0,NULL,0,0,0,NULL,'2017-03-15 09:22:53','JAVASCRIPT','게시판 제목입니다.'),
	(313,'게시물 내용입니다.','SeolHun','2017-03-15 09:22:53',0,0,NULL,0,0,0,NULL,'2017-03-15 09:22:53','ANGULAR','게시판 제목입니다.'),
	(314,'게시물 내용입니다.','SeolHun','2017-03-15 09:22:53',0,0,NULL,0,0,0,NULL,'2017-03-15 09:22:53','LINUX','게시판 제목입니다.'),
	(315,'게시물 내용입니다.','SeolHun','2017-03-15 09:22:53',0,0,NULL,0,0,0,NULL,'2017-03-15 09:22:53','DB','게시판 제목입니다.'),
	(316,'게시물 내용입니다.','SeolHun','2017-03-15 09:22:53',0,0,NULL,0,0,0,NULL,'2017-03-15 09:22:53','MAC','게시판 제목입니다.'),
	(317,'게시물 내용입니다.','SeolHun','2017-03-15 09:22:53',0,0,NULL,0,0,0,NULL,'2017-03-15 09:22:53','JAVA','게시판 제목입니다.'),
	(318,'게시물 내용입니다.','SeolHun','2017-03-15 09:22:53',0,0,NULL,0,0,0,NULL,'2017-03-15 09:22:53','SPRING','게시판 제목입니다.'),
	(319,'게시물 내용입니다.','SeolHun','2017-03-15 09:22:53',0,0,NULL,0,0,0,NULL,'2017-03-15 09:22:53','JAVASCRIPT','게시판 제목입니다.'),
	(320,'게시물 내용입니다.','SeolHun','2017-03-15 09:22:53',0,0,NULL,0,0,0,NULL,'2017-03-15 09:22:53','ANGULAR','게시판 제목입니다.'),
	(321,'게시물 내용입니다.','SeolHun','2017-03-15 09:22:53',0,0,NULL,0,0,0,NULL,'2017-03-15 09:22:53','LINUX','게시판 제목입니다.'),
	(322,'게시물 내용입니다.','SeolHun','2017-03-15 09:22:53',0,0,NULL,0,0,0,NULL,'2017-03-15 09:22:53','DB','게시판 제목입니다.'),
	(323,'게시물 내용입니다.','SeolHun','2017-03-15 09:22:53',0,0,NULL,0,0,0,NULL,'2017-03-15 09:22:53','MAC','게시판 제목입니다.'),
	(324,'게시물 내용입니다.','SeolHun','2017-03-15 09:22:53',0,0,NULL,0,0,0,NULL,'2017-03-15 09:22:53','JAVA','게시판 제목입니다.'),
	(325,'게시물 내용입니다.','SeolHun','2017-03-15 09:22:53',0,0,NULL,0,0,0,NULL,'2017-03-15 09:22:53','SPRING','게시판 제목입니다.'),
	(326,'게시물 내용입니다.','SeolHun','2017-03-15 09:22:53',0,0,NULL,0,0,0,NULL,'2017-03-15 09:22:53','JAVASCRIPT','게시판 제목입니다.'),
	(327,'게시물 내용입니다.','SeolHun','2017-03-15 09:22:53',0,0,NULL,0,0,0,NULL,'2017-03-15 09:22:53','ANGULAR','게시판 제목입니다.'),
	(328,'게시물 내용입니다.','SeolHun','2017-03-15 09:22:53',0,0,NULL,0,0,0,NULL,'2017-03-15 09:22:53','LINUX','게시판 제목입니다.'),
	(329,'게시물 내용입니다.','SeolHun','2017-03-15 09:22:53',0,0,NULL,0,0,0,NULL,'2017-03-15 09:22:53','DB','게시판 제목입니다.'),
	(330,'게시물 내용입니다.','SeolHun','2017-03-15 09:22:53',0,0,NULL,0,0,0,NULL,'2017-03-15 09:22:53','MAC','게시판 제목입니다.'),
	(331,'게시물 내용입니다.','SeolHun','2017-03-15 09:22:53',0,0,NULL,0,0,0,NULL,'2017-03-15 09:22:53','JAVA','게시판 제목입니다.'),
	(332,'게시물 내용입니다.','SeolHun','2017-03-15 09:22:53',0,0,NULL,0,0,0,NULL,'2017-03-15 09:22:53','SPRING','게시판 제목입니다.'),
	(333,'게시물 내용입니다.','SeolHun','2017-03-15 09:22:53',0,0,NULL,0,0,0,NULL,'2017-03-15 09:22:53','JAVASCRIPT','게시판 제목입니다.'),
	(334,'게시물 내용입니다.','SeolHun','2017-03-15 09:22:53',0,0,NULL,0,0,0,NULL,'2017-03-15 09:22:53','ANGULAR','게시판 제목입니다.'),
	(335,'게시물 내용입니다.','SeolHun','2017-03-15 09:22:53',0,0,NULL,0,0,0,NULL,'2017-03-15 09:22:53','LINUX','게시판 제목입니다.'),
	(336,'게시물 내용입니다.','SeolHun','2017-03-15 09:22:53',0,0,NULL,0,0,0,NULL,'2017-03-15 09:22:53','DB','게시판 제목입니다.'),
	(337,'게시물 내용입니다.','SeolHun','2017-03-15 09:22:53',0,0,NULL,0,0,0,NULL,'2017-03-15 09:22:53','MAC','게시판 제목입니다.'),
	(338,'게시물 내용입니다.','SeolHun','2017-03-15 09:22:53',0,0,NULL,0,0,0,NULL,'2017-03-15 09:22:53','JAVA','게시판 제목입니다.'),
	(339,'게시물 내용입니다.','SeolHun','2017-03-15 09:22:53',0,0,NULL,0,0,0,NULL,'2017-03-15 09:22:53','SPRING','게시판 제목입니다.'),
	(340,'게시물 내용입니다.','SeolHun','2017-03-15 09:22:53',0,0,NULL,0,0,0,NULL,'2017-03-15 09:22:53','JAVASCRIPT','게시판 제목입니다.'),
	(341,'게시물 내용입니다.','SeolHun','2017-03-15 09:22:53',0,0,NULL,0,0,0,NULL,'2017-03-15 09:22:53','ANGULAR','게시판 제목입니다.'),
	(342,'게시물 내용입니다.','SeolHun','2017-03-15 09:22:53',0,0,NULL,0,0,0,NULL,'2017-03-15 09:22:53','LINUX','게시판 제목입니다.'),
	(343,'게시물 내용입니다.','SeolHun','2017-03-15 09:22:53',0,0,NULL,0,0,0,NULL,'2017-03-15 09:22:53','DB','게시판 제목입니다.'),
	(344,'게시물 내용입니다.','SeolHun','2017-03-15 09:22:53',0,0,NULL,0,0,0,NULL,'2017-03-15 09:22:53','MAC','게시판 제목입니다.'),
	(345,'게시물 내용입니다.','SeolHun','2017-03-15 09:22:53',0,0,NULL,0,0,0,NULL,'2017-03-15 09:22:53','JAVA','게시판 제목입니다.'),
	(346,'게시물 내용입니다.','SeolHun','2017-03-15 09:22:53',0,0,NULL,0,0,0,NULL,'2017-03-15 09:22:53','SPRING','게시판 제목입니다.'),
	(347,'게시물 내용입니다.','SeolHun','2017-03-15 09:22:53',0,0,NULL,0,0,0,NULL,'2017-03-15 09:22:53','JAVASCRIPT','게시판 제목입니다.'),
	(348,'게시물 내용입니다.','SeolHun','2017-03-15 09:22:53',0,0,NULL,0,0,0,NULL,'2017-03-15 09:22:53','ANGULAR','게시판 제목입니다.'),
	(349,'게시물 내용입니다.','SeolHun','2017-03-15 09:22:53',0,0,NULL,0,0,0,NULL,'2017-03-15 09:22:53','LINUX','게시판 제목입니다.'),
	(350,'게시물 내용입니다.','SeolHun','2017-03-15 09:22:53',0,0,NULL,0,0,0,NULL,'2017-03-15 09:22:53','DB','게시판 제목입니다.'),
	(351,'게시물 내용입니다.','SeolHun','2017-03-15 09:22:53',0,0,NULL,0,0,0,NULL,'2017-03-15 09:22:53','MAC','게시판 제목입니다.'),
	(352,'게시물 내용입니다.','SeolHun','2017-03-15 09:22:53',0,0,NULL,0,0,0,NULL,'2017-03-15 09:22:53','JAVA','게시판 제목입니다.'),
	(353,'게시물 내용입니다.','SeolHun','2017-03-15 09:22:53',0,0,NULL,0,0,0,NULL,'2017-03-15 09:22:53','SPRING','게시판 제목입니다.'),
	(354,'게시물 내용입니다.','SeolHun','2017-03-15 09:22:53',0,0,NULL,0,0,0,NULL,'2017-03-15 09:22:53','JAVASCRIPT','게시판 제목입니다.'),
	(355,'게시물 내용입니다.','SeolHun','2017-03-15 09:22:53',0,0,NULL,0,0,0,NULL,'2017-03-15 09:22:53','ANGULAR','게시판 제목입니다.'),
	(356,'게시물 내용입니다.','SeolHun','2017-03-15 09:22:53',0,0,NULL,0,0,0,NULL,'2017-03-15 09:22:53','LINUX','게시판 제목입니다.'),
	(357,'게시물 내용입니다.','SeolHun','2017-03-15 09:22:53',0,0,NULL,0,0,0,NULL,'2017-03-15 09:22:53','DB','게시판 제목입니다.'),
	(358,'게시물 내용입니다.','SeolHun','2017-03-15 09:22:53',0,0,NULL,0,0,0,NULL,'2017-03-15 09:22:53','MAC','게시판 제목입니다.'),
	(359,'게시물 내용입니다.','SeolHun','2017-03-15 09:22:53',0,0,NULL,0,0,0,NULL,'2017-03-15 09:22:53','JAVA','게시판 제목입니다.'),
	(360,'게시물 내용입니다.','SeolHun','2017-03-15 09:22:53',0,0,NULL,0,0,0,NULL,'2017-03-15 09:22:53','SPRING','게시판 제목입니다.'),
	(361,'게시물 내용입니다.','SeolHun','2017-03-15 09:22:53',0,0,NULL,0,0,0,NULL,'2017-03-15 09:22:53','JAVASCRIPT','게시판 제목입니다.'),
	(362,'게시물 내용입니다.','SeolHun','2017-03-15 09:22:53',0,0,NULL,0,0,0,NULL,'2017-03-15 09:22:53','ANGULAR','게시판 제목입니다.'),
	(363,'게시물 내용입니다.','SeolHun','2017-03-15 09:22:53',0,0,NULL,0,0,0,NULL,'2017-03-15 09:22:53','LINUX','게시판 제목입니다.'),
	(364,'게시물 내용입니다.','SeolHun','2017-03-15 09:22:53',0,0,NULL,0,0,0,NULL,'2017-03-15 09:22:53','DB','게시판 제목입니다.'),
	(365,'게시물 내용입니다.','SeolHun','2017-03-15 09:22:53',0,0,NULL,0,0,0,NULL,'2017-03-15 09:22:53','MAC','게시판 제목입니다.'),
	(366,'게시물 내용입니다.','SeolHun','2017-03-15 09:22:53',0,0,NULL,0,0,0,NULL,'2017-03-15 09:22:53','JAVA','게시판 제목입니다.'),
	(367,'게시물 내용입니다.','SeolHun','2017-03-15 09:22:53',0,0,NULL,0,0,0,NULL,'2017-03-15 09:22:53','SPRING','게시판 제목입니다.'),
	(368,'게시물 내용입니다.','SeolHun','2017-03-15 09:22:53',0,0,NULL,0,0,0,NULL,'2017-03-15 09:22:53','JAVASCRIPT','게시판 제목입니다.'),
	(369,'게시물 내용입니다.','SeolHun','2017-03-15 09:22:53',0,0,NULL,0,0,0,NULL,'2017-03-15 09:22:53','ANGULAR','게시판 제목입니다.'),
	(370,'게시물 내용입니다.','SeolHun','2017-03-15 09:22:53',0,0,NULL,0,0,0,NULL,'2017-03-15 09:22:53','LINUX','게시판 제목입니다.'),
	(371,'게시물 내용입니다.','SeolHun','2017-03-15 09:22:53',0,0,NULL,0,0,0,NULL,'2017-03-15 09:22:53','DB','게시판 제목입니다.'),
	(372,'게시물 내용입니다.','SeolHun','2017-03-15 09:22:53',0,0,NULL,0,0,0,NULL,'2017-03-15 09:22:53','MAC','게시판 제목입니다.'),
	(373,'게시물 내용입니다.','SeolHun','2017-03-15 09:22:53',0,0,NULL,0,0,0,NULL,'2017-03-15 09:22:53','JAVA','게시판 제목입니다.'),
	(374,'게시물 내용입니다.','SeolHun','2017-03-15 09:22:53',0,0,NULL,0,0,0,NULL,'2017-03-15 09:22:53','SPRING','게시판 제목입니다.'),
	(375,'게시물 내용입니다.','SeolHun','2017-03-15 09:22:53',0,0,NULL,0,0,0,NULL,'2017-03-15 09:22:53','JAVASCRIPT','게시판 제목입니다.'),
	(376,'게시물 내용입니다.','SeolHun','2017-03-15 09:22:53',0,0,NULL,0,0,0,NULL,'2017-03-15 09:22:53','ANGULAR','게시판 제목입니다.'),
	(377,'게시물 내용입니다.','SeolHun','2017-03-15 09:22:53',0,0,NULL,0,0,0,NULL,'2017-03-15 09:22:53','LINUX','게시판 제목입니다.'),
	(378,'게시물 내용입니다.','SeolHun','2017-03-15 09:22:53',0,0,NULL,0,0,0,NULL,'2017-03-15 09:22:53','DB','게시판 제목입니다.'),
	(379,'게시물 내용입니다.','SeolHun','2017-03-15 09:22:53',0,0,NULL,0,0,0,NULL,'2017-03-15 09:22:53','MAC','게시판 제목입니다.'),
	(380,'게시물 내용입니다.','SeolHun','2017-03-15 09:22:53',0,0,NULL,0,0,0,NULL,'2017-03-15 09:22:53','JAVA','게시판 제목입니다.'),
	(381,'게시물 내용입니다.','SeolHun','2017-03-15 09:22:53',0,0,NULL,0,0,0,NULL,'2017-03-15 09:22:53','SPRING','게시판 제목입니다.'),
	(382,'게시물 내용입니다.','SeolHun','2017-03-15 09:22:53',0,0,NULL,0,0,0,NULL,'2017-03-15 09:22:53','JAVASCRIPT','게시판 제목입니다.'),
	(383,'게시물 내용입니다.','SeolHun','2017-03-15 09:22:53',0,0,NULL,0,0,0,NULL,'2017-03-15 09:22:53','ANGULAR','게시판 제목입니다.'),
	(384,'게시물 내용입니다.','SeolHun','2017-03-15 09:22:53',0,0,NULL,0,0,0,NULL,'2017-03-15 09:22:53','LINUX','게시판 제목입니다.'),
	(385,'게시물 내용입니다.','SeolHun','2017-03-15 09:22:53',0,0,NULL,0,0,0,NULL,'2017-03-15 09:22:53','DB','게시판 제목입니다.'),
	(386,'게시물 내용입니다.','SeolHun','2017-03-15 09:22:53',0,0,NULL,0,0,0,NULL,'2017-03-15 09:22:53','MAC','게시판 제목입니다.'),
	(387,'게시물 내용입니다.','SeolHun','2017-03-15 09:22:53',0,0,NULL,0,0,0,NULL,'2017-03-15 09:22:53','JAVA','게시판 제목입니다.'),
	(388,'게시물 내용입니다.','SeolHun','2017-03-15 09:22:53',0,0,NULL,0,0,0,NULL,'2017-03-15 09:22:53','SPRING','게시판 제목입니다.'),
	(389,'게시물 내용입니다.','SeolHun','2017-03-15 09:22:53',0,0,NULL,0,0,0,NULL,'2017-03-15 09:22:53','JAVASCRIPT','게시판 제목입니다.'),
	(390,'게시물 내용입니다.','SeolHun','2017-03-15 09:22:53',0,0,NULL,0,0,0,NULL,'2017-03-15 09:22:53','ANGULAR','게시판 제목입니다.'),
	(391,'게시물 내용입니다.','SeolHun','2017-03-15 09:22:53',0,0,NULL,0,0,0,NULL,'2017-03-15 09:22:53','LINUX','게시판 제목입니다.'),
	(392,'게시물 내용입니다.','SeolHun','2017-03-15 09:22:53',0,0,NULL,0,0,0,NULL,'2017-03-15 09:22:53','DB','게시판 제목입니다.'),
	(393,'게시물 내용입니다.','SeolHun','2017-03-15 09:22:53',0,0,NULL,0,0,0,NULL,'2017-03-15 09:22:53','MAC','게시판 제목입니다.'),
	(394,'게시물 내용입니다.','SeolHun','2017-03-15 09:22:53',0,0,NULL,0,0,0,NULL,'2017-03-15 09:22:53','JAVA','게시판 제목입니다.'),
	(395,'게시물 내용입니다.','SeolHun','2017-03-15 09:22:53',0,0,NULL,0,0,0,NULL,'2017-03-15 09:22:53','SPRING','게시판 제목입니다.'),
	(396,'게시물 내용입니다.','SeolHun','2017-03-15 09:22:53',0,0,NULL,0,0,0,NULL,'2017-03-15 09:22:53','JAVASCRIPT','게시판 제목입니다.'),
	(397,'게시물 내용입니다.','SeolHun','2017-03-15 09:22:53',0,0,NULL,0,0,0,NULL,'2017-03-15 09:22:53','ANGULAR','게시판 제목입니다.'),
	(398,'게시물 내용입니다.','SeolHun','2017-03-15 09:22:53',0,0,NULL,0,0,0,NULL,'2017-03-15 09:22:53','LINUX','게시판 제목입니다.'),
	(399,'게시물 내용입니다.','SeolHun','2017-03-15 09:22:53',0,0,NULL,0,0,0,NULL,'2017-03-15 09:22:53','DB','게시판 제목입니다.'),
	(400,'게시물 내용입니다.','SeolHun','2017-03-15 09:22:53',0,0,NULL,0,0,0,NULL,'2017-03-15 09:22:53','MAC','게시판 제목입니다.'),
	(401,'게시물 내용입니다.','SeolHun','2017-03-15 09:22:53',0,0,NULL,0,0,0,NULL,'2017-03-15 09:22:53','JAVA','게시판 제목입니다.'),
	(402,'게시물 내용입니다.','SeolHun','2017-03-15 09:22:53',0,0,NULL,0,0,0,NULL,'2017-03-15 09:22:53','SPRING','게시판 제목입니다.'),
	(403,'게시물 내용입니다.','SeolHun','2017-03-15 09:22:53',0,0,NULL,0,0,0,NULL,'2017-03-15 09:22:53','JAVASCRIPT','게시판 제목입니다.'),
	(404,'게시물 내용입니다.','SeolHun','2017-03-15 09:22:53',0,0,NULL,0,0,0,NULL,'2017-03-15 09:22:53','ANGULAR','게시판 제목입니다.'),
	(405,'게시물 내용입니다.','SeolHun','2017-03-15 09:22:53',0,0,NULL,0,0,0,NULL,'2017-03-15 09:22:53','LINUX','게시판 제목입니다.'),
	(406,'게시물 내용입니다.','SeolHun','2017-03-15 09:22:53',0,0,NULL,0,0,0,NULL,'2017-03-15 09:22:53','DB','게시판 제목입니다.'),
	(407,'게시물 내용입니다.','SeolHun','2017-03-15 09:22:53',0,0,NULL,0,0,0,NULL,'2017-03-15 09:22:53','MAC','게시판 제목입니다.'),
	(408,'게시물 내용입니다.','SeolHun','2017-03-15 09:22:53',0,0,NULL,0,0,0,NULL,'2017-03-15 09:22:53','JAVA','게시판 제목입니다.'),
	(409,'게시물 내용입니다.','SeolHun','2017-03-15 09:22:53',0,0,NULL,0,0,0,NULL,'2017-03-15 09:22:53','SPRING','게시판 제목입니다.'),
	(410,'게시물 내용입니다.','SeolHun','2017-03-15 09:22:53',0,0,NULL,0,0,0,NULL,'2017-03-15 09:22:53','JAVASCRIPT','게시판 제목입니다.'),
	(411,'게시물 내용입니다.','SeolHun','2017-03-15 09:22:53',0,0,NULL,0,0,0,NULL,'2017-03-15 09:22:53','ANGULAR','게시판 제목입니다.'),
	(412,'게시물 내용입니다.','SeolHun','2017-03-15 09:22:53',0,0,NULL,0,0,0,NULL,'2017-03-15 09:22:53','LINUX','게시판 제목입니다.'),
	(413,'게시물 내용입니다.','SeolHun','2017-03-15 09:22:53',0,0,NULL,0,0,0,NULL,'2017-03-15 09:22:53','DB','게시판 제목입니다.'),
	(414,'게시물 내용입니다.','SeolHun','2017-03-15 09:22:53',0,0,NULL,0,0,0,NULL,'2017-03-15 09:22:53','MAC','게시판 제목입니다.'),
	(415,'게시물 내용입니다.','SeolHun','2017-03-15 09:22:53',0,0,NULL,0,0,0,NULL,'2017-03-15 09:22:53','JAVA','게시판 제목입니다.'),
	(416,'게시물 내용입니다.','SeolHun','2017-03-15 09:22:53',0,0,NULL,0,0,0,NULL,'2017-03-15 09:22:53','SPRING','게시판 제목입니다.'),
	(417,'게시물 내용입니다.','SeolHun','2017-03-15 09:22:53',0,0,NULL,0,0,0,NULL,'2017-03-15 09:22:53','JAVASCRIPT','게시판 제목입니다.'),
	(418,'게시물 내용입니다.','SeolHun','2017-03-15 09:22:53',0,0,NULL,0,0,0,NULL,'2017-03-15 09:22:53','ANGULAR','게시판 제목입니다.'),
	(419,'게시물 내용입니다.','SeolHun','2017-03-15 09:22:53',0,0,NULL,0,0,0,NULL,'2017-03-15 09:22:53','LINUX','게시판 제목입니다.'),
	(420,'게시물 내용입니다.','SeolHun','2017-03-15 09:22:53',0,0,NULL,0,0,0,NULL,'2017-03-15 09:22:53','DB','게시판 제목입니다.'),
	(421,'게시물 내용입니다.','SeolHun','2017-03-15 09:22:53',0,0,NULL,0,0,0,NULL,'2017-03-15 09:22:53','MAC','게시판 제목입니다.'),
	(422,'게시물 내용입니다.','SeolHun','2017-03-15 09:22:53',0,0,NULL,0,0,0,NULL,'2017-03-15 09:22:53','JAVA','게시판 제목입니다.'),
	(423,'게시물 내용입니다.','SeolHun','2017-03-15 09:22:53',0,0,NULL,0,0,0,NULL,'2017-03-15 09:22:53','SPRING','게시판 제목입니다.'),
	(424,'게시물 내용입니다.','SeolHun','2017-03-15 09:22:53',0,0,NULL,0,0,0,NULL,'2017-03-15 09:22:53','JAVASCRIPT','게시판 제목입니다.'),
	(425,'게시물 내용입니다.','SeolHun','2017-03-15 09:22:53',0,0,NULL,0,0,0,NULL,'2017-03-15 09:22:53','ANGULAR','게시판 제목입니다.'),
	(426,'게시물 내용입니다.','SeolHun','2017-03-15 09:22:53',0,0,NULL,0,0,0,NULL,'2017-03-15 09:22:53','LINUX','게시판 제목입니다.'),
	(427,'게시물 내용입니다.','SeolHun','2017-03-15 09:22:53',0,0,NULL,0,0,0,NULL,'2017-03-15 09:22:53','DB','게시판 제목입니다.'),
	(428,'게시물 내용입니다.','SeolHun','2017-03-15 09:22:53',0,0,NULL,0,0,0,NULL,'2017-03-15 09:22:53','MAC','게시판 제목입니다.'),
	(429,'게시물 내용입니다.','SeolHun','2017-03-15 09:22:53',0,0,NULL,0,0,0,NULL,'2017-03-15 09:22:53','JAVA','게시판 제목입니다.'),
	(430,'게시물 내용입니다.','SeolHun','2017-03-15 09:22:53',0,0,NULL,0,0,0,NULL,'2017-03-15 09:22:53','SPRING','게시판 제목입니다.'),
	(431,'게시물 내용입니다.','SeolHun','2017-03-15 09:22:53',0,0,NULL,0,0,0,NULL,'2017-03-15 09:22:53','JAVASCRIPT','게시판 제목입니다.'),
	(432,'게시물 내용입니다.','SeolHun','2017-03-15 09:22:53',0,0,NULL,0,0,0,NULL,'2017-03-15 09:22:53','ANGULAR','게시판 제목입니다.'),
	(433,'게시물 내용입니다.','SeolHun','2017-03-15 09:22:53',0,0,NULL,0,0,0,NULL,'2017-03-15 09:22:53','LINUX','게시판 제목입니다.'),
	(434,'게시물 내용입니다.','SeolHun','2017-03-15 09:22:53',0,0,NULL,0,0,0,NULL,'2017-03-15 09:22:53','DB','게시판 제목입니다.'),
	(435,'게시물 내용입니다.','SeolHun','2017-03-15 09:22:53',0,0,NULL,0,0,0,NULL,'2017-03-15 09:22:53','MAC','게시판 제목입니다.'),
	(436,'게시물 내용입니다.','SeolHun','2017-03-15 09:22:53',0,0,NULL,0,0,0,NULL,'2017-03-15 09:22:53','JAVA','게시판 제목입니다.'),
	(437,'게시물 내용입니다.','SeolHun','2017-03-15 09:22:53',0,0,NULL,0,0,0,NULL,'2017-03-15 09:22:53','SPRING','게시판 제목입니다.'),
	(438,'게시물 내용입니다.','SeolHun','2017-03-15 09:22:53',0,0,NULL,0,0,0,NULL,'2017-03-15 09:22:53','JAVASCRIPT','게시판 제목입니다.'),
	(439,'게시물 내용입니다.','SeolHun','2017-03-15 09:22:53',0,0,NULL,0,0,0,NULL,'2017-03-15 09:22:53','ANGULAR','게시판 제목입니다.'),
	(440,'게시물 내용입니다.','SeolHun','2017-03-15 09:22:53',0,0,NULL,0,0,0,NULL,'2017-03-15 09:22:53','LINUX','게시판 제목입니다.'),
	(441,'게시물 내용입니다.','SeolHun','2017-03-15 09:22:53',0,0,NULL,0,0,0,NULL,'2017-03-15 09:22:53','DB','게시판 제목입니다.'),
	(442,'게시물 내용입니다.','SeolHun','2017-03-15 09:22:53',0,0,NULL,0,0,0,NULL,'2017-03-15 09:22:53','MAC','게시판 제목입니다.'),
	(443,'게시물 내용입니다.','SeolHun','2017-03-15 09:22:53',0,0,NULL,0,0,0,NULL,'2017-03-15 09:22:53','JAVA','게시판 제목입니다.'),
	(444,'게시물 내용입니다.','SeolHun','2017-03-15 09:22:53',0,0,NULL,0,0,0,NULL,'2017-03-15 09:22:53','SPRING','게시판 제목입니다.'),
	(445,'게시물 내용입니다.','SeolHun','2017-03-15 09:22:53',0,0,NULL,0,0,0,NULL,'2017-03-15 09:22:53','JAVASCRIPT','게시판 제목입니다.'),
	(446,'게시물 내용입니다.','SeolHun','2017-03-15 09:22:53',0,0,NULL,0,0,0,NULL,'2017-03-15 09:22:53','ANGULAR','게시판 제목입니다.'),
	(447,'게시물 내용입니다.','SeolHun','2017-03-15 09:22:53',0,0,NULL,0,0,0,NULL,'2017-03-15 09:22:53','LINUX','게시판 제목입니다.'),
	(448,'게시물 내용입니다.','SeolHun','2017-03-15 09:22:53',0,0,NULL,0,0,0,NULL,'2017-03-15 09:22:53','DB','게시판 제목입니다.'),
	(449,'게시물 내용입니다.','SeolHun','2017-03-15 09:22:53',0,0,NULL,0,0,0,NULL,'2017-03-15 09:22:53','MAC','게시판 제목입니다.'),
	(450,'게시물 내용입니다.','SeolHun','2017-03-15 09:22:53',0,0,NULL,0,0,0,NULL,'2017-03-15 09:22:53','JAVA','게시판 제목입니다.'),
	(451,'게시물 내용입니다.','SeolHun','2017-03-15 09:22:53',0,0,NULL,0,0,0,NULL,'2017-03-15 09:22:53','SPRING','게시판 제목입니다.'),
	(452,'게시물 내용입니다.','SeolHun','2017-03-15 09:22:53',0,0,NULL,0,0,0,NULL,'2017-03-15 09:22:53','JAVASCRIPT','게시판 제목입니다.'),
	(453,'게시물 내용입니다.','SeolHun','2017-03-15 09:22:53',0,0,NULL,0,0,0,NULL,'2017-03-15 09:22:53','ANGULAR','게시판 제목입니다.'),
	(454,'게시물 내용입니다.','SeolHun','2017-03-15 09:22:53',0,0,NULL,0,0,0,NULL,'2017-03-15 09:22:53','LINUX','게시판 제목입니다.'),
	(455,'게시물 내용입니다.','SeolHun','2017-03-15 09:22:53',0,0,NULL,0,0,0,NULL,'2017-03-15 09:22:53','DB','게시판 제목입니다.'),
	(456,'게시물 내용입니다.','SeolHun','2017-03-15 09:22:53',0,0,NULL,0,0,0,NULL,'2017-03-15 09:22:53','MAC','게시판 제목입니다.'),
	(457,'게시물 내용입니다.','SeolHun','2017-03-15 09:22:53',0,0,NULL,0,0,0,NULL,'2017-03-15 09:22:53','JAVA','게시판 제목입니다.'),
	(458,'게시물 내용입니다.','SeolHun','2017-03-15 09:22:53',0,0,NULL,0,0,0,NULL,'2017-03-15 09:22:53','SPRING','게시판 제목입니다.'),
	(459,'게시물 내용입니다.','SeolHun','2017-03-15 09:22:53',0,0,NULL,0,0,0,NULL,'2017-03-15 09:22:53','JAVASCRIPT','게시판 제목입니다.'),
	(460,'게시물 내용입니다.','SeolHun','2017-03-15 09:22:53',0,0,NULL,0,0,0,NULL,'2017-03-15 09:22:53','ANGULAR','게시판 제목입니다.'),
	(461,'게시물 내용입니다.','SeolHun','2017-03-15 09:22:53',0,0,NULL,0,0,0,NULL,'2017-03-15 09:22:53','LINUX','게시판 제목입니다.'),
	(462,'게시물 내용입니다.','SeolHun','2017-03-15 09:22:53',0,0,NULL,0,0,0,NULL,'2017-03-15 09:22:53','DB','게시판 제목입니다.'),
	(463,'게시물 내용입니다.','SeolHun','2017-03-15 09:22:53',0,0,NULL,0,0,0,NULL,'2017-03-15 09:22:53','MAC','게시판 제목입니다.'),
	(464,'게시물 내용입니다.','SeolHun','2017-03-15 09:22:53',0,0,NULL,0,0,0,NULL,'2017-03-15 09:22:53','JAVA','게시판 제목입니다.'),
	(465,'게시물 내용입니다.','SeolHun','2017-03-15 09:22:53',0,0,NULL,0,0,0,NULL,'2017-03-15 09:22:53','SPRING','게시판 제목입니다.'),
	(466,'게시물 내용입니다.','SeolHun','2017-03-15 09:22:53',0,0,NULL,0,0,0,NULL,'2017-03-15 09:22:53','JAVASCRIPT','게시판 제목입니다.'),
	(467,'게시물 내용입니다.','SeolHun','2017-03-15 09:22:53',0,0,NULL,0,0,0,NULL,'2017-03-15 09:22:53','ANGULAR','게시판 제목입니다.'),
	(468,'게시물 내용입니다.','SeolHun','2017-03-15 09:22:53',0,0,NULL,0,0,0,NULL,'2017-03-15 09:22:53','LINUX','게시판 제목입니다.'),
	(469,'게시물 내용입니다.','SeolHun','2017-03-15 09:22:53',0,0,NULL,0,0,0,NULL,'2017-03-15 09:22:53','DB','게시판 제목입니다.'),
	(470,'게시물 내용입니다.','SeolHun','2017-03-15 09:22:53',0,0,NULL,0,0,0,NULL,'2017-03-15 09:22:53','MAC','게시판 제목입니다.'),
	(471,'게시물 내용입니다.','SeolHun','2017-03-15 09:22:53',0,0,NULL,0,0,0,NULL,'2017-03-15 09:22:53','JAVA','게시판 제목입니다.'),
	(472,'게시물 내용입니다.','SeolHun','2017-03-15 09:22:53',0,0,NULL,0,0,0,NULL,'2017-03-15 09:22:53','SPRING','게시판 제목입니다.'),
	(473,'게시물 내용입니다.','SeolHun','2017-03-15 09:22:53',0,0,NULL,0,0,0,NULL,'2017-03-15 09:22:53','JAVASCRIPT','게시판 제목입니다.'),
	(474,'게시물 내용입니다.','SeolHun','2017-03-15 09:22:53',0,0,NULL,0,0,0,NULL,'2017-03-15 09:22:53','ANGULAR','게시판 제목입니다.'),
	(475,'게시물 내용입니다.','SeolHun','2017-03-15 09:22:53',0,0,NULL,0,0,0,NULL,'2017-03-15 09:22:53','LINUX','게시판 제목입니다.'),
	(476,'게시물 내용입니다.','SeolHun','2017-03-15 09:22:53',0,0,NULL,0,0,0,NULL,'2017-03-15 09:22:53','DB','게시판 제목입니다.'),
	(477,'게시물 내용입니다.','SeolHun','2017-03-15 09:22:53',0,0,NULL,0,0,0,NULL,'2017-03-15 09:22:53','MAC','게시판 제목입니다.'),
	(478,'게시물 내용입니다.','SeolHun','2017-03-15 09:22:53',0,0,NULL,0,0,0,NULL,'2017-03-15 09:22:53','JAVA','게시판 제목입니다.'),
	(479,'게시물 내용입니다.','SeolHun','2017-03-15 09:22:53',0,0,NULL,0,0,0,NULL,'2017-03-15 09:22:53','SPRING','게시판 제목입니다.'),
	(480,'게시물 내용입니다.','SeolHun','2017-03-15 09:22:53',0,0,NULL,0,0,0,NULL,'2017-03-15 09:22:53','JAVASCRIPT','게시판 제목입니다.'),
	(481,'게시물 내용입니다.','SeolHun','2017-03-15 09:22:53',0,0,NULL,0,0,0,NULL,'2017-03-15 09:22:53','ANGULAR','게시판 제목입니다.'),
	(482,'게시물 내용입니다.','SeolHun','2017-03-15 09:22:53',0,0,NULL,0,0,0,NULL,'2017-03-15 09:22:53','LINUX','게시판 제목입니다.'),
	(483,'게시물 내용입니다.','SeolHun','2017-03-15 09:22:53',0,0,NULL,0,0,0,NULL,'2017-03-15 09:22:53','DB','게시판 제목입니다.'),
	(484,'게시물 내용입니다.','SeolHun','2017-03-15 09:22:53',0,0,NULL,0,0,0,NULL,'2017-03-15 09:22:53','MAC','게시판 제목입니다.'),
	(485,'게시물 내용입니다.','SeolHun','2017-03-15 09:22:53',0,0,NULL,0,0,0,NULL,'2017-03-15 09:22:53','JAVA','게시판 제목입니다.'),
	(486,'게시물 내용입니다.','SeolHun','2017-03-15 09:22:53',0,0,NULL,0,0,0,NULL,'2017-03-15 09:22:53','SPRING','게시판 제목입니다.'),
	(487,'게시물 내용입니다.','SeolHun','2017-03-15 09:22:53',0,0,NULL,0,0,0,NULL,'2017-03-15 09:22:53','JAVASCRIPT','게시판 제목입니다.'),
	(488,'게시물 내용입니다.','SeolHun','2017-03-15 09:22:53',0,0,NULL,0,0,0,NULL,'2017-03-15 09:22:53','ANGULAR','게시판 제목입니다.'),
	(489,'게시물 내용입니다.','SeolHun','2017-03-15 09:22:53',0,0,NULL,0,0,0,NULL,'2017-03-15 09:22:53','LINUX','게시판 제목입니다.'),
	(490,'게시물 내용입니다.','SeolHun','2017-03-15 09:22:53',0,0,NULL,0,0,0,NULL,'2017-03-15 09:22:53','DB','게시판 제목입니다.'),
	(491,'게시물 내용입니다.','SeolHun','2017-03-15 09:22:53',0,0,NULL,0,0,0,NULL,'2017-03-15 09:22:53','MAC','게시판 제목입니다.'),
	(492,'게시물 내용입니다.','SeolHun','2017-03-15 09:22:53',0,0,NULL,0,0,0,NULL,'2017-03-15 09:22:53','JAVA','게시판 제목입니다.'),
	(493,'게시물 내용입니다.','SeolHun','2017-03-15 09:22:53',0,0,NULL,0,0,0,NULL,'2017-03-15 09:22:53','SPRING','게시판 제목입니다.'),
	(494,'게시물 내용입니다.','SeolHun','2017-03-15 09:22:53',0,0,NULL,0,0,0,NULL,'2017-03-15 09:22:53','JAVASCRIPT','게시판 제목입니다.'),
	(495,'게시물 내용입니다.','SeolHun','2017-03-15 09:22:53',0,0,NULL,0,0,0,NULL,'2017-03-15 09:22:53','ANGULAR','게시판 제목입니다.'),
	(496,'게시물 내용입니다.','SeolHun','2017-03-15 09:22:53',0,0,NULL,0,0,0,NULL,'2017-03-15 09:22:53','LINUX','게시판 제목입니다.'),
	(497,'게시물 내용입니다.','SeolHun','2017-03-15 09:22:53',0,0,NULL,0,0,0,NULL,'2017-03-15 09:22:53','DB','게시판 제목입니다.'),
	(498,'게시물 내용입니다.','SeolHun','2017-03-15 09:22:53',0,0,NULL,0,0,0,NULL,'2017-03-15 09:22:53','MAC','게시판 제목입니다.'),
	(499,'게시물 내용입니다.','SeolHun','2017-03-15 09:22:53',0,0,NULL,0,0,0,NULL,'2017-03-15 09:22:53','JAVA','게시판 제목입니다.'),
	(500,'게시물 내용입니다.','SeolHun','2017-03-15 09:22:53',0,0,NULL,0,0,0,NULL,'2017-03-15 09:22:53','SPRING','게시판 제목입니다.'),
	(501,'게시물 내용입니다.','SeolHun','2017-03-15 09:22:53',0,0,NULL,0,0,0,NULL,'2017-03-15 09:22:53','JAVASCRIPT','게시판 제목입니다.'),
	(502,'게시물 내용입니다.','SeolHun','2017-03-15 09:22:53',0,0,NULL,0,0,0,NULL,'2017-03-15 09:22:53','ANGULAR','게시판 제목입니다.'),
	(503,'게시물 내용입니다.','SeolHun','2017-03-15 09:22:53',0,0,NULL,0,0,0,NULL,'2017-03-15 09:22:53','LINUX','게시판 제목입니다.'),
	(504,'게시물 내용입니다.','SeolHun','2017-03-15 09:22:53',0,0,NULL,0,0,0,NULL,'2017-03-15 09:22:53','DB','게시판 제목입니다.'),
	(505,'게시물 내용입니다.','SeolHun','2017-03-15 09:22:53',0,0,NULL,0,0,0,NULL,'2017-03-15 09:22:53','MAC','게시판 제목입니다.'),
	(506,'게시물 내용입니다.','SeolHun','2017-03-15 09:22:53',0,0,NULL,0,0,0,NULL,'2017-03-15 09:22:53','JAVA','게시판 제목입니다.'),
	(507,'게시물 내용입니다.','SeolHun','2017-03-15 09:22:53',0,0,NULL,0,0,0,NULL,'2017-03-15 09:22:53','SPRING','게시판 제목입니다.'),
	(508,'게시물 내용입니다.','SeolHun','2017-03-15 09:22:53',0,0,NULL,0,0,0,NULL,'2017-03-15 09:22:53','JAVASCRIPT','게시판 제목입니다.'),
	(509,'게시물 내용입니다.','SeolHun','2017-03-15 09:22:53',0,0,NULL,0,0,0,NULL,'2017-03-15 09:22:53','ANGULAR','게시판 제목입니다.'),
	(510,'게시물 내용입니다.','SeolHun','2017-03-15 09:22:53',0,0,NULL,0,0,0,NULL,'2017-03-15 09:22:53','LINUX','게시판 제목입니다.'),
	(511,'게시물 내용입니다.','SeolHun','2017-03-15 09:22:53',0,0,NULL,0,0,0,NULL,'2017-03-15 09:22:53','DB','게시판 제목입니다.'),
	(512,'게시물 내용입니다.','SeolHun','2017-03-15 09:22:53',0,0,NULL,0,0,0,NULL,'2017-03-15 09:22:53','MAC','게시판 제목입니다.'),
	(513,'게시물 내용입니다.','SeolHun','2017-03-15 09:22:53',0,0,NULL,0,0,0,NULL,'2017-03-15 09:22:53','JAVA','게시판 제목입니다.'),
	(514,'게시물 내용입니다.','SeolHun','2017-03-15 09:22:53',0,0,NULL,0,0,0,NULL,'2017-03-15 09:22:53','SPRING','게시판 제목입니다.'),
	(515,'게시물 내용입니다.','SeolHun','2017-03-15 09:22:53',0,0,NULL,0,0,0,NULL,'2017-03-15 09:22:53','JAVASCRIPT','게시판 제목입니다.'),
	(516,'게시물 내용입니다.','SeolHun','2017-03-15 09:22:53',0,0,NULL,0,0,0,NULL,'2017-03-15 09:22:53','ANGULAR','게시판 제목입니다.'),
	(517,'게시물 내용입니다.','SeolHun','2017-03-15 09:22:53',0,0,NULL,0,0,0,NULL,'2017-03-15 09:22:53','LINUX','게시판 제목입니다.'),
	(518,'게시물 내용입니다.','SeolHun','2017-03-15 09:22:53',0,0,NULL,0,0,0,NULL,'2017-03-15 09:22:53','DB','게시판 제목입니다.'),
	(519,'게시물 내용입니다.','SeolHun','2017-03-15 09:22:53',0,0,NULL,0,0,0,NULL,'2017-03-15 09:22:53','MAC','게시판 제목입니다.'),
	(520,'게시물 내용입니다.','SeolHun','2017-03-15 09:22:53',0,0,NULL,0,0,0,NULL,'2017-03-15 09:22:53','JAVA','게시판 제목입니다.'),
	(521,'게시물 내용입니다.','SeolHun','2017-03-15 09:22:53',0,0,NULL,0,0,0,NULL,'2017-03-15 09:22:53','SPRING','게시판 제목입니다.'),
	(522,'게시물 내용입니다.','SeolHun','2017-03-15 09:22:53',0,0,NULL,0,0,0,NULL,'2017-03-15 09:22:53','JAVASCRIPT','게시판 제목입니다.'),
	(523,'게시물 내용입니다.','SeolHun','2017-03-15 09:22:53',0,0,NULL,0,0,0,NULL,'2017-03-15 09:22:53','ANGULAR','게시판 제목입니다.'),
	(524,'게시물 내용입니다.','SeolHun','2017-03-15 09:22:53',0,0,NULL,0,0,0,NULL,'2017-03-15 09:22:53','LINUX','게시판 제목입니다.'),
	(525,'게시물 내용입니다.','SeolHun','2017-03-15 09:22:53',0,0,NULL,0,0,0,NULL,'2017-03-15 09:22:53','DB','게시판 제목입니다.'),
	(526,'게시물 내용입니다.','SeolHun','2017-03-15 09:22:53',0,0,NULL,0,0,0,NULL,'2017-03-15 09:22:53','MAC','게시판 제목입니다.'),
	(527,'게시물 내용입니다.','SeolHun','2017-03-15 09:22:53',0,0,NULL,0,0,0,NULL,'2017-03-15 09:22:53','JAVA','게시판 제목입니다.'),
	(528,'게시물 내용입니다.','SeolHun','2017-03-15 09:22:53',0,0,NULL,0,0,0,NULL,'2017-03-15 09:22:53','SPRING','게시판 제목입니다.'),
	(529,'게시물 내용입니다.','SeolHun','2017-03-15 09:22:53',0,0,NULL,0,0,0,NULL,'2017-03-15 09:22:53','JAVASCRIPT','게시판 제목입니다.'),
	(530,'게시물 내용입니다.','SeolHun','2017-03-15 09:22:53',0,0,NULL,0,0,0,NULL,'2017-03-15 09:22:53','ANGULAR','게시판 제목입니다.'),
	(531,'게시물 내용입니다.','SeolHun','2017-03-15 09:22:53',0,0,NULL,0,0,0,NULL,'2017-03-15 09:22:53','LINUX','게시판 제목입니다.'),
	(532,'게시물 내용입니다.','SeolHun','2017-03-15 09:22:53',0,0,NULL,0,0,0,NULL,'2017-03-15 09:22:53','DB','게시판 제목입니다.'),
	(533,'게시물 내용입니다.','SeolHun','2017-03-15 09:22:53',0,0,NULL,0,0,0,NULL,'2017-03-15 09:22:53','MAC','게시판 제목입니다.'),
	(534,'게시물 내용입니다.','SeolHun','2017-03-15 09:22:53',0,0,NULL,0,0,0,NULL,'2017-03-15 09:22:53','JAVA','게시판 제목입니다.'),
	(535,'게시물 내용입니다.','SeolHun','2017-03-15 09:22:53',0,0,NULL,0,0,0,NULL,'2017-03-15 09:22:53','SPRING','게시판 제목입니다.'),
	(536,'게시물 내용입니다.','SeolHun','2017-03-15 09:22:53',0,0,NULL,0,0,0,NULL,'2017-03-15 09:22:53','JAVASCRIPT','게시판 제목입니다.'),
	(537,'게시물 내용입니다.','SeolHun','2017-03-15 09:22:53',0,0,NULL,0,0,0,NULL,'2017-03-15 09:22:53','ANGULAR','게시판 제목입니다.'),
	(538,'게시물 내용입니다.','SeolHun','2017-03-15 09:22:53',0,0,NULL,0,0,0,NULL,'2017-03-15 09:22:53','LINUX','게시판 제목입니다.'),
	(539,'게시물 내용입니다.','SeolHun','2017-03-15 09:22:53',0,0,NULL,0,0,0,NULL,'2017-03-15 09:22:53','DB','게시판 제목입니다.'),
	(540,'게시물 내용입니다.','SeolHun','2017-03-15 09:22:53',0,0,NULL,0,0,0,NULL,'2017-03-15 09:22:53','MAC','게시판 제목입니다.'),
	(541,'게시물 내용입니다.','SeolHun','2017-03-15 09:22:53',0,0,NULL,0,0,0,NULL,'2017-03-15 09:22:53','JAVA','게시판 제목입니다.'),
	(542,'게시물 내용입니다.','SeolHun','2017-03-15 09:22:53',0,0,NULL,0,0,0,NULL,'2017-03-15 09:22:53','SPRING','게시판 제목입니다.'),
	(543,'게시물 내용입니다.','SeolHun','2017-03-15 09:22:53',0,0,NULL,0,0,0,NULL,'2017-03-15 09:22:53','JAVASCRIPT','게시판 제목입니다.'),
	(544,'게시물 내용입니다.','SeolHun','2017-03-15 09:22:53',0,0,NULL,0,0,0,NULL,'2017-03-15 09:22:53','ANGULAR','게시판 제목입니다.'),
	(545,'게시물 내용입니다.','SeolHun','2017-03-15 09:22:53',0,0,NULL,0,0,0,NULL,'2017-03-15 09:22:53','LINUX','게시판 제목입니다.'),
	(546,'게시물 내용입니다.','SeolHun','2017-03-15 09:22:53',0,0,NULL,0,0,0,NULL,'2017-03-15 09:22:53','DB','게시판 제목입니다.'),
	(547,'게시물 내용입니다.','SeolHun','2017-03-15 09:22:53',0,0,NULL,0,0,0,NULL,'2017-03-15 09:22:53','MAC','게시판 제목입니다.'),
	(548,'게시물 내용입니다.','SeolHun','2017-03-15 09:22:53',0,0,NULL,0,0,0,NULL,'2017-03-15 09:22:53','JAVA','게시판 제목입니다.'),
	(549,'게시물 내용입니다.','SeolHun','2017-03-15 09:22:53',0,0,NULL,0,0,0,NULL,'2017-03-15 09:22:53','SPRING','게시판 제목입니다.'),
	(550,'게시물 내용입니다.','SeolHun','2017-03-15 09:22:53',0,0,NULL,0,0,0,NULL,'2017-03-15 09:22:53','JAVASCRIPT','게시판 제목입니다.'),
	(551,'게시물 내용입니다.','SeolHun','2017-03-15 09:22:53',0,0,NULL,0,0,0,NULL,'2017-03-15 09:22:53','ANGULAR','게시판 제목입니다.'),
	(552,'게시물 내용입니다.','SeolHun','2017-03-15 09:22:53',0,0,NULL,0,0,0,NULL,'2017-03-15 09:22:53','LINUX','게시판 제목입니다.'),
	(553,'게시물 내용입니다.','SeolHun','2017-03-15 09:22:53',0,0,NULL,0,0,0,NULL,'2017-03-15 09:22:53','DB','게시판 제목입니다.'),
	(554,'게시물 내용입니다.','SeolHun','2017-03-15 09:22:53',0,0,NULL,0,0,0,NULL,'2017-03-15 09:22:53','MAC','게시판 제목입니다.'),
	(555,'게시물 내용입니다.','SeolHun','2017-03-15 09:22:53',0,0,NULL,0,0,0,NULL,'2017-03-15 09:22:53','JAVA','게시판 제목입니다.'),
	(556,'게시물 내용입니다.','SeolHun','2017-03-15 09:22:53',0,0,NULL,0,0,0,NULL,'2017-03-15 09:22:53','SPRING','게시판 제목입니다.'),
	(557,'게시물 내용입니다.','SeolHun','2017-03-15 09:22:53',0,0,NULL,0,0,0,NULL,'2017-03-15 09:22:53','JAVASCRIPT','게시판 제목입니다.'),
	(558,'게시물 내용입니다.','SeolHun','2017-03-15 09:22:53',0,0,NULL,0,0,0,NULL,'2017-03-15 09:22:53','ANGULAR','게시판 제목입니다.'),
	(559,'게시물 내용입니다.','SeolHun','2017-03-15 09:22:53',0,0,NULL,0,0,0,NULL,'2017-03-15 09:22:53','LINUX','게시판 제목입니다.'),
	(560,'게시물 내용입니다.','SeolHun','2017-03-15 09:22:53',0,0,NULL,0,0,0,NULL,'2017-03-15 09:22:53','DB','게시판 제목입니다.'),
	(561,'게시물 내용입니다.','SeolHun','2017-03-15 09:22:53',0,0,NULL,0,0,0,NULL,'2017-03-15 09:22:53','MAC','게시판 제목입니다.'),
	(562,'게시물 내용입니다.','SeolHun','2017-03-15 09:22:53',0,0,NULL,0,0,0,NULL,'2017-03-15 09:22:53','JAVA','게시판 제목입니다.'),
	(563,'게시물 내용입니다.','SeolHun','2017-03-15 09:22:53',0,0,NULL,0,0,0,NULL,'2017-03-15 09:22:53','SPRING','게시판 제목입니다.'),
	(564,'게시물 내용입니다.','SeolHun','2017-03-15 09:22:53',0,0,NULL,0,0,0,NULL,'2017-03-15 09:22:53','JAVASCRIPT','게시판 제목입니다.'),
	(565,'게시물 내용입니다.','SeolHun','2017-03-15 09:22:53',0,0,NULL,0,0,0,NULL,'2017-03-15 09:22:53','ANGULAR','게시판 제목입니다.'),
	(566,'게시물 내용입니다.','SeolHun','2017-03-15 09:22:53',0,0,NULL,0,0,0,NULL,'2017-03-15 09:22:53','LINUX','게시판 제목입니다.'),
	(567,'게시물 내용입니다.','SeolHun','2017-03-15 09:22:53',0,0,NULL,0,0,0,NULL,'2017-03-15 09:22:53','DB','게시판 제목입니다.'),
	(568,'게시물 내용입니다.','SeolHun','2017-03-15 09:22:53',0,0,NULL,0,0,0,NULL,'2017-03-15 09:22:53','MAC','게시판 제목입니다.'),
	(569,'게시물 내용입니다.','SeolHun','2017-03-15 09:22:53',0,0,NULL,0,0,0,NULL,'2017-03-15 09:22:53','JAVA','게시판 제목입니다.'),
	(570,'게시물 내용입니다.','SeolHun','2017-03-15 09:22:53',0,0,NULL,0,0,0,NULL,'2017-03-15 09:22:53','SPRING','게시판 제목입니다.'),
	(571,'게시물 내용입니다.','SeolHun','2017-03-15 09:22:53',0,0,NULL,0,0,0,NULL,'2017-03-15 09:22:53','JAVASCRIPT','게시판 제목입니다.'),
	(572,'게시물 내용입니다.','SeolHun','2017-03-15 09:22:53',0,0,NULL,0,0,0,NULL,'2017-03-15 09:22:53','ANGULAR','게시판 제목입니다.'),
	(573,'게시물 내용입니다.','SeolHun','2017-03-15 09:22:53',0,0,NULL,0,0,0,NULL,'2017-03-15 09:22:53','LINUX','게시판 제목입니다.'),
	(574,'게시물 내용입니다.','SeolHun','2017-03-15 09:22:53',0,0,NULL,0,0,0,NULL,'2017-03-15 09:22:53','DB','게시판 제목입니다.'),
	(575,'게시물 내용입니다.','SeolHun','2017-03-15 09:22:53',0,0,NULL,0,0,0,NULL,'2017-03-15 09:22:53','MAC','게시판 제목입니다.'),
	(576,'게시물 내용입니다.','SeolHun','2017-03-15 09:22:53',0,0,NULL,0,0,0,NULL,'2017-03-15 09:22:53','JAVA','게시판 제목입니다.'),
	(577,'게시물 내용입니다.','SeolHun','2017-03-15 09:22:53',0,0,NULL,0,0,0,NULL,'2017-03-15 09:22:53','SPRING','게시판 제목입니다.'),
	(578,'게시물 내용입니다.','SeolHun','2017-03-15 09:22:53',0,0,NULL,0,0,0,NULL,'2017-03-15 09:22:53','JAVASCRIPT','게시판 제목입니다.'),
	(579,'게시물 내용입니다.','SeolHun','2017-03-15 09:22:53',0,0,NULL,0,0,0,NULL,'2017-03-15 09:22:53','ANGULAR','게시판 제목입니다.'),
	(580,'게시물 내용입니다.','SeolHun','2017-03-15 09:22:53',0,0,NULL,0,0,0,NULL,'2017-03-15 09:22:53','LINUX','게시판 제목입니다.'),
	(581,'게시물 내용입니다.','SeolHun','2017-03-15 09:22:53',0,0,NULL,0,0,0,NULL,'2017-03-15 09:22:53','DB','게시판 제목입니다.'),
	(582,'게시물 내용입니다.','SeolHun','2017-03-15 09:22:53',0,0,NULL,0,0,0,NULL,'2017-03-15 09:22:53','MAC','게시판 제목입니다.'),
	(583,'게시물 내용입니다.','SeolHun','2017-03-15 09:22:53',0,0,NULL,0,0,0,NULL,'2017-03-15 09:22:53','JAVA','게시판 제목입니다.'),
	(584,'게시물 내용입니다.','SeolHun','2017-03-15 09:22:53',0,0,NULL,0,0,0,NULL,'2017-03-15 09:22:53','SPRING','게시판 제목입니다.'),
	(585,'게시물 내용입니다.','SeolHun','2017-03-15 09:22:53',0,0,NULL,0,0,0,NULL,'2017-03-15 09:22:53','JAVASCRIPT','게시판 제목입니다.'),
	(586,'게시물 내용입니다.','SeolHun','2017-03-15 09:22:53',0,0,NULL,0,0,0,NULL,'2017-03-15 09:22:53','ANGULAR','게시판 제목입니다.'),
	(587,'게시물 내용입니다.','SeolHun','2017-03-15 09:22:53',0,0,NULL,0,0,0,NULL,'2017-03-15 09:22:53','LINUX','게시판 제목입니다.'),
	(588,'게시물 내용입니다.','SeolHun','2017-03-15 09:22:53',0,0,NULL,0,0,0,NULL,'2017-03-15 09:22:53','DB','게시판 제목입니다.'),
	(589,'게시물 내용입니다.','SeolHun','2017-03-15 09:22:53',0,0,NULL,0,0,0,NULL,'2017-03-15 09:22:53','MAC','게시판 제목입니다.'),
	(590,'게시물 내용입니다.','SeolHun','2017-03-15 09:22:53',0,0,NULL,0,0,0,NULL,'2017-03-15 09:22:53','JAVA','게시판 제목입니다.'),
	(591,'게시물 내용입니다.','SeolHun','2017-03-15 09:22:53',0,0,NULL,0,0,0,NULL,'2017-03-15 09:22:53','SPRING','게시판 제목입니다.'),
	(592,'게시물 내용입니다.','SeolHun','2017-03-15 09:22:53',0,0,NULL,0,0,0,NULL,'2017-03-15 09:22:53','JAVASCRIPT','게시판 제목입니다.'),
	(593,'게시물 내용입니다.','SeolHun','2017-03-15 09:22:53',0,0,NULL,0,0,0,NULL,'2017-03-15 09:22:53','ANGULAR','게시판 제목입니다.'),
	(594,'게시물 내용입니다.','SeolHun','2017-03-15 09:22:53',0,0,NULL,0,0,0,NULL,'2017-03-15 09:22:53','LINUX','게시판 제목입니다.'),
	(595,'게시물 내용입니다.','SeolHun','2017-03-15 09:22:53',0,0,NULL,0,0,0,NULL,'2017-03-15 09:22:53','DB','게시판 제목입니다.'),
	(596,'게시물 내용입니다.','SeolHun','2017-03-15 09:22:53',0,0,NULL,0,0,0,NULL,'2017-03-15 09:22:53','MAC','게시판 제목입니다.'),
	(597,'게시물 내용입니다.','SeolHun','2017-03-15 09:22:53',0,0,NULL,0,0,0,NULL,'2017-03-15 09:22:53','JAVA','게시판 제목입니다.'),
	(598,'게시물 내용입니다.','SeolHun','2017-03-15 09:22:53',0,0,NULL,0,0,0,NULL,'2017-03-15 09:22:53','SPRING','게시판 제목입니다.'),
	(599,'게시물 내용입니다.','SeolHun','2017-03-15 09:22:53',0,0,NULL,0,0,0,NULL,'2017-03-15 09:22:53','JAVASCRIPT','게시판 제목입니다.'),
	(600,'게시물 내용입니다.','SeolHun','2017-03-15 09:22:53',0,0,NULL,0,0,0,NULL,'2017-03-15 09:22:53','ANGULAR','게시판 제목입니다.'),
	(601,'게시물 내용입니다.','SeolHun','2017-03-15 09:22:53',0,0,NULL,0,0,0,NULL,'2017-03-15 09:22:53','LINUX','게시판 제목입니다.'),
	(602,'게시물 내용입니다.','SeolHun','2017-03-15 09:22:53',0,0,NULL,0,0,0,NULL,'2017-03-15 09:22:53','DB','게시판 제목입니다.'),
	(603,'게시물 내용입니다.','SeolHun','2017-03-15 09:22:53',0,0,NULL,0,0,0,NULL,'2017-03-15 09:22:53','MAC','게시판 제목입니다.'),
	(604,'게시물 내용입니다.','SeolHun','2017-03-15 09:22:53',0,0,NULL,0,0,0,NULL,'2017-03-15 09:22:53','JAVA','게시판 제목입니다.'),
	(605,'게시물 내용입니다.','SeolHun','2017-03-15 09:22:53',0,0,NULL,0,0,0,NULL,'2017-03-15 09:22:53','SPRING','게시판 제목입니다.'),
	(606,'게시물 내용입니다.','SeolHun','2017-03-15 09:22:53',0,0,NULL,0,0,0,NULL,'2017-03-15 09:22:53','JAVASCRIPT','게시판 제목입니다.'),
	(607,'게시물 내용입니다.','SeolHun','2017-03-15 09:22:53',0,0,NULL,0,0,0,NULL,'2017-03-15 09:22:53','ANGULAR','게시판 제목입니다.'),
	(608,'게시물 내용입니다.','SeolHun','2017-03-15 09:22:53',0,0,NULL,0,0,0,NULL,'2017-03-15 09:22:53','LINUX','게시판 제목입니다.'),
	(609,'게시물 내용입니다.','SeolHun','2017-03-15 09:22:53',0,0,NULL,0,0,0,NULL,'2017-03-15 09:22:53','DB','게시판 제목입니다.'),
	(610,'게시물 내용입니다.','SeolHun','2017-03-15 09:22:53',0,0,NULL,0,0,0,NULL,'2017-03-15 09:22:53','MAC','게시판 제목입니다.'),
	(611,'게시물 내용입니다.','SeolHun','2017-03-15 09:22:53',0,0,NULL,0,0,0,NULL,'2017-03-15 09:22:53','JAVA','게시판 제목입니다.'),
	(612,'게시물 내용입니다.','SeolHun','2017-03-15 09:22:53',0,0,NULL,0,0,0,NULL,'2017-03-15 09:22:53','SPRING','게시판 제목입니다.'),
	(613,'게시물 내용입니다.','SeolHun','2017-03-15 09:22:53',0,0,NULL,0,0,0,NULL,'2017-03-15 09:22:53','JAVASCRIPT','게시판 제목입니다.'),
	(614,'게시물 내용입니다.','SeolHun','2017-03-15 09:22:53',0,0,NULL,0,0,0,NULL,'2017-03-15 09:22:53','ANGULAR','게시판 제목입니다.'),
	(615,'게시물 내용입니다.','SeolHun','2017-03-15 09:22:53',0,0,NULL,0,0,0,NULL,'2017-03-15 09:22:53','LINUX','게시판 제목입니다.'),
	(616,'게시물 내용입니다.','SeolHun','2017-03-15 09:22:53',0,0,NULL,0,0,0,NULL,'2017-03-15 09:22:53','DB','게시판 제목입니다.'),
	(617,'게시물 내용입니다.','SeolHun','2017-03-15 09:22:53',0,0,NULL,0,0,0,NULL,'2017-03-15 09:22:53','MAC','게시판 제목입니다.'),
	(618,'게시물 내용입니다.','SeolHun','2017-03-15 09:22:53',0,0,NULL,0,0,0,NULL,'2017-03-15 09:22:53','JAVA','게시판 제목입니다.'),
	(619,'게시물 내용입니다.','SeolHun','2017-03-15 09:22:53',0,0,NULL,0,0,0,NULL,'2017-03-15 09:22:53','SPRING','게시판 제목입니다.'),
	(620,'게시물 내용입니다.','SeolHun','2017-03-15 09:22:53',0,0,NULL,0,0,0,NULL,'2017-03-15 09:22:53','JAVASCRIPT','게시판 제목입니다.'),
	(621,'게시물 내용입니다.','SeolHun','2017-03-15 09:22:53',0,0,NULL,0,0,0,NULL,'2017-03-15 09:22:53','ANGULAR','게시판 제목입니다.'),
	(622,'게시물 내용입니다.','SeolHun','2017-03-15 09:22:53',0,0,NULL,0,0,0,NULL,'2017-03-15 09:22:53','LINUX','게시판 제목입니다.'),
	(623,'게시물 내용입니다.','SeolHun','2017-03-15 09:22:53',0,0,NULL,0,0,0,NULL,'2017-03-15 09:22:53','DB','게시판 제목입니다.'),
	(624,'게시물 내용입니다.','SeolHun','2017-03-15 09:22:53',0,0,NULL,0,0,0,NULL,'2017-03-15 09:22:53','MAC','게시판 제목입니다.'),
	(625,'게시물 내용입니다.','SeolHun','2017-03-15 09:22:53',0,0,NULL,0,0,0,NULL,'2017-03-15 09:22:53','JAVA','게시판 제목입니다.'),
	(626,'게시물 내용입니다.','SeolHun','2017-03-15 09:22:53',0,0,NULL,0,0,0,NULL,'2017-03-15 09:22:53','SPRING','게시판 제목입니다.'),
	(627,'게시물 내용입니다.','SeolHun','2017-03-15 09:22:53',0,0,NULL,0,0,0,NULL,'2017-03-15 09:22:53','JAVASCRIPT','게시판 제목입니다.'),
	(628,'게시물 내용입니다.','SeolHun','2017-03-15 09:22:53',0,0,NULL,0,0,0,NULL,'2017-03-15 09:22:53','ANGULAR','게시판 제목입니다.'),
	(629,'게시물 내용입니다.','SeolHun','2017-03-15 09:22:53',0,0,NULL,0,0,0,NULL,'2017-03-15 09:22:53','LINUX','게시판 제목입니다.'),
	(630,'게시물 내용입니다.','SeolHun','2017-03-15 09:22:53',0,0,NULL,0,0,0,NULL,'2017-03-15 09:22:53','DB','게시판 제목입니다.'),
	(631,'게시물 내용입니다.','SeolHun','2017-03-15 09:22:53',0,0,NULL,0,0,0,NULL,'2017-03-15 09:22:53','MAC','게시판 제목입니다.'),
	(632,'게시물 내용입니다.','SeolHun','2017-03-15 09:22:53',0,0,NULL,0,0,0,NULL,'2017-03-15 09:22:53','JAVA','게시판 제목입니다.'),
	(633,'게시물 내용입니다.','SeolHun','2017-03-15 09:22:53',0,0,NULL,0,0,0,NULL,'2017-03-15 09:22:53','SPRING','게시판 제목입니다.'),
	(634,'게시물 내용입니다.','SeolHun','2017-03-15 09:22:53',0,0,NULL,0,0,0,NULL,'2017-03-15 09:22:53','JAVASCRIPT','게시판 제목입니다.'),
	(635,'게시물 내용입니다.','SeolHun','2017-03-15 09:22:53',0,0,NULL,0,0,0,NULL,'2017-03-15 09:22:53','ANGULAR','게시판 제목입니다.'),
	(636,'게시물 내용입니다.','SeolHun','2017-03-15 09:22:53',0,0,NULL,0,0,0,NULL,'2017-03-15 09:22:53','LINUX','게시판 제목입니다.'),
	(637,'게시물 내용입니다.','SeolHun','2017-03-15 09:22:53',0,0,NULL,0,0,0,NULL,'2017-03-15 09:22:53','DB','게시판 제목입니다.'),
	(638,'게시물 내용입니다.','SeolHun','2017-03-15 09:22:53',0,0,NULL,0,0,0,NULL,'2017-03-15 09:22:53','MAC','게시판 제목입니다.'),
	(639,'게시물 내용입니다.','SeolHun','2017-03-15 09:22:53',0,0,NULL,0,0,0,NULL,'2017-03-15 09:22:53','JAVA','게시판 제목입니다.'),
	(640,'게시물 내용입니다.','SeolHun','2017-03-15 09:22:53',0,0,NULL,0,0,0,NULL,'2017-03-15 09:22:53','SPRING','게시판 제목입니다.'),
	(641,'게시물 내용입니다.','SeolHun','2017-03-15 09:22:53',0,0,NULL,0,0,0,NULL,'2017-03-15 09:22:53','JAVASCRIPT','게시판 제목입니다.'),
	(642,'게시물 내용입니다.','SeolHun','2017-03-15 09:22:53',0,0,NULL,0,0,0,NULL,'2017-03-15 09:22:53','ANGULAR','게시판 제목입니다.'),
	(643,'게시물 내용입니다.','SeolHun','2017-03-15 09:22:53',0,0,NULL,0,0,0,NULL,'2017-03-15 09:22:53','LINUX','게시판 제목입니다.'),
	(644,'게시물 내용입니다.','SeolHun','2017-03-15 09:22:53',0,0,NULL,0,0,0,NULL,'2017-03-15 09:22:53','DB','게시판 제목입니다.'),
	(645,'게시물 내용입니다.','SeolHun','2017-03-15 09:22:53',0,0,NULL,0,0,0,NULL,'2017-03-15 09:22:53','MAC','게시판 제목입니다.'),
	(646,'게시물 내용입니다.','SeolHun','2017-03-15 09:22:53',0,0,NULL,0,0,0,NULL,'2017-03-15 09:22:53','JAVA','게시판 제목입니다.'),
	(647,'게시물 내용입니다.','SeolHun','2017-03-15 09:22:53',0,0,NULL,0,0,0,NULL,'2017-03-15 09:22:53','SPRING','게시판 제목입니다.'),
	(648,'게시물 내용입니다.','SeolHun','2017-03-15 09:22:53',0,0,NULL,0,0,0,NULL,'2017-03-15 09:22:53','JAVASCRIPT','게시판 제목입니다.'),
	(649,'게시물 내용입니다.','SeolHun','2017-03-15 09:22:53',0,0,NULL,0,0,0,NULL,'2017-03-15 09:22:53','ANGULAR','게시판 제목입니다.'),
	(650,'게시물 내용입니다.','SeolHun','2017-03-15 09:22:53',0,0,NULL,0,0,0,NULL,'2017-03-15 09:22:53','LINUX','게시판 제목입니다.'),
	(651,'게시물 내용입니다.','SeolHun','2017-03-15 09:22:53',0,0,NULL,0,0,0,NULL,'2017-03-15 09:22:53','DB','게시판 제목입니다.'),
	(652,'게시물 내용입니다.','SeolHun','2017-03-15 09:22:53',0,0,NULL,0,0,0,NULL,'2017-03-15 09:22:53','MAC','게시판 제목입니다.'),
	(653,'게시물 내용입니다.','SeolHun','2017-03-15 09:22:53',0,0,NULL,0,0,0,NULL,'2017-03-15 09:22:53','JAVA','게시판 제목입니다.'),
	(654,'게시물 내용입니다.','SeolHun','2017-03-15 09:22:53',0,0,NULL,0,0,0,NULL,'2017-03-15 09:22:53','SPRING','게시판 제목입니다.'),
	(655,'게시물 내용입니다.','SeolHun','2017-03-15 09:22:53',0,0,NULL,0,0,0,NULL,'2017-03-15 09:22:53','JAVASCRIPT','게시판 제목입니다.'),
	(656,'게시물 내용입니다.','SeolHun','2017-03-15 09:22:53',0,0,NULL,0,0,0,NULL,'2017-03-15 09:22:53','ANGULAR','게시판 제목입니다.'),
	(657,'게시물 내용입니다.','SeolHun','2017-03-15 09:22:53',0,0,NULL,0,0,0,NULL,'2017-03-15 09:22:53','LINUX','게시판 제목입니다.'),
	(658,'게시물 내용입니다.','SeolHun','2017-03-15 09:22:53',0,0,NULL,0,0,0,NULL,'2017-03-15 09:22:53','DB','게시판 제목입니다.'),
	(659,'게시물 내용입니다.','SeolHun','2017-03-15 09:22:53',0,0,NULL,0,0,0,NULL,'2017-03-15 09:22:53','MAC','게시판 제목입니다.'),
	(660,'게시물 내용입니다.','SeolHun','2017-03-15 09:22:53',0,0,NULL,0,0,0,NULL,'2017-03-15 09:22:53','JAVA','게시판 제목입니다.'),
	(661,'게시물 내용입니다.','SeolHun','2017-03-15 09:22:53',0,0,NULL,0,0,0,NULL,'2017-03-15 09:22:53','SPRING','게시판 제목입니다.'),
	(662,'게시물 내용입니다.','SeolHun','2017-03-15 09:22:53',0,0,NULL,0,0,0,NULL,'2017-03-15 09:22:53','JAVASCRIPT','게시판 제목입니다.'),
	(663,'게시물 내용입니다.','SeolHun','2017-03-15 09:22:53',0,0,NULL,0,0,0,NULL,'2017-03-15 09:22:53','ANGULAR','게시판 제목입니다.'),
	(664,'게시물 내용입니다.','SeolHun','2017-03-15 09:22:53',0,0,NULL,0,0,0,NULL,'2017-03-15 09:22:53','LINUX','게시판 제목입니다.'),
	(665,'게시물 내용입니다.','SeolHun','2017-03-15 09:22:53',0,0,NULL,0,0,0,NULL,'2017-03-15 09:22:53','DB','게시판 제목입니다.'),
	(666,'게시물 내용입니다.','SeolHun','2017-03-15 09:22:53',0,0,NULL,0,0,0,NULL,'2017-03-15 09:22:53','MAC','게시판 제목입니다.'),
	(667,'게시물 내용입니다.','SeolHun','2017-03-15 09:22:53',0,0,NULL,0,0,0,NULL,'2017-03-15 09:22:53','JAVA','게시판 제목입니다.'),
	(668,'게시물 내용입니다.','SeolHun','2017-03-15 09:22:53',0,0,NULL,0,0,0,NULL,'2017-03-15 09:22:53','SPRING','게시판 제목입니다.'),
	(669,'게시물 내용입니다.','SeolHun','2017-03-15 09:22:53',0,0,NULL,0,0,0,NULL,'2017-03-15 09:22:53','JAVASCRIPT','게시판 제목입니다.'),
	(670,'게시물 내용입니다.','SeolHun','2017-03-15 09:22:53',0,0,NULL,0,0,0,NULL,'2017-03-15 09:22:53','ANGULAR','게시판 제목입니다.'),
	(671,'게시물 내용입니다.','SeolHun','2017-03-15 09:22:53',0,0,NULL,0,0,0,NULL,'2017-03-15 09:22:53','LINUX','게시판 제목입니다.'),
	(672,'게시물 내용입니다.','SeolHun','2017-03-15 09:22:53',0,0,NULL,0,0,0,NULL,'2017-03-15 09:22:53','DB','게시판 제목입니다.'),
	(673,'게시물 내용입니다.','SeolHun','2017-03-15 09:22:53',0,0,NULL,0,0,0,NULL,'2017-03-15 09:22:53','MAC','게시판 제목입니다.'),
	(674,'게시물 내용입니다.','SeolHun','2017-03-15 09:22:53',0,0,NULL,0,0,0,NULL,'2017-03-15 09:22:53','JAVA','게시판 제목입니다.'),
	(675,'게시물 내용입니다.','SeolHun','2017-03-15 09:22:53',0,0,NULL,0,0,0,NULL,'2017-03-15 09:22:53','SPRING','게시판 제목입니다.'),
	(676,'게시물 내용입니다.','SeolHun','2017-03-15 09:22:53',0,0,NULL,0,0,0,NULL,'2017-03-15 09:22:53','JAVASCRIPT','게시판 제목입니다.'),
	(677,'게시물 내용입니다.','SeolHun','2017-03-15 09:22:53',0,0,NULL,0,0,0,NULL,'2017-03-15 09:22:53','ANGULAR','게시판 제목입니다.'),
	(678,'게시물 내용입니다.','SeolHun','2017-03-15 09:22:53',0,0,NULL,0,0,0,NULL,'2017-03-15 09:22:53','LINUX','게시판 제목입니다.'),
	(679,'게시물 내용입니다.','SeolHun','2017-03-15 09:22:53',0,0,NULL,0,0,0,NULL,'2017-03-15 09:22:53','DB','게시판 제목입니다.'),
	(680,'게시물 내용입니다.','SeolHun','2017-03-15 09:22:53',0,0,NULL,0,0,0,NULL,'2017-03-15 09:22:53','MAC','게시판 제목입니다.'),
	(681,'게시물 내용입니다.','SeolHun','2017-03-15 09:22:53',0,0,NULL,0,0,0,NULL,'2017-03-15 09:22:53','JAVA','게시판 제목입니다.'),
	(682,'게시물 내용입니다.','SeolHun','2017-03-15 09:22:53',0,0,NULL,0,0,0,NULL,'2017-03-15 09:22:53','SPRING','게시판 제목입니다.'),
	(683,'게시물 내용입니다.','SeolHun','2017-03-15 09:22:53',0,0,NULL,0,0,0,NULL,'2017-03-15 09:22:53','JAVASCRIPT','게시판 제목입니다.'),
	(684,'게시물 내용입니다.','SeolHun','2017-03-15 09:22:53',0,0,NULL,0,0,0,NULL,'2017-03-15 09:22:53','ANGULAR','게시판 제목입니다.'),
	(685,'게시물 내용입니다.','SeolHun','2017-03-15 09:22:53',0,0,NULL,0,0,0,NULL,'2017-03-15 09:22:53','LINUX','게시판 제목입니다.'),
	(686,'게시물 내용입니다.','SeolHun','2017-03-15 09:22:53',0,0,NULL,0,0,0,NULL,'2017-03-15 09:22:53','DB','게시판 제목입니다.'),
	(687,'게시물 내용입니다.','SeolHun','2017-03-15 09:22:53',0,0,NULL,0,0,0,NULL,'2017-03-15 09:22:53','MAC','게시판 제목입니다.'),
	(688,'게시물 내용입니다.','SeolHun','2017-03-15 09:22:53',0,0,NULL,0,0,0,NULL,'2017-03-15 09:22:53','JAVA','게시판 제목입니다.'),
	(689,'게시물 내용입니다.','SeolHun','2017-03-15 09:22:53',0,0,NULL,0,0,0,NULL,'2017-03-15 09:22:53','SPRING','게시판 제목입니다.'),
	(690,'게시물 내용입니다.','SeolHun','2017-03-15 09:22:53',0,0,NULL,0,0,0,NULL,'2017-03-15 09:22:53','JAVASCRIPT','게시판 제목입니다.'),
	(691,'게시물 내용입니다.','SeolHun','2017-03-15 09:22:53',0,0,NULL,0,0,0,NULL,'2017-03-15 09:22:53','ANGULAR','게시판 제목입니다.'),
	(692,'게시물 내용입니다.','SeolHun','2017-03-15 09:22:53',0,0,NULL,0,0,0,NULL,'2017-03-15 09:22:53','LINUX','게시판 제목입니다.'),
	(693,'게시물 내용입니다.','SeolHun','2017-03-15 09:22:53',0,0,NULL,0,0,0,NULL,'2017-03-15 09:22:53','DB','게시판 제목입니다.'),
	(694,'게시물 내용입니다.','SeolHun','2017-03-15 09:22:53',0,0,NULL,0,0,0,NULL,'2017-03-15 09:22:53','MAC','게시판 제목입니다.'),
	(695,'게시물 내용입니다.','SeolHun','2017-03-15 09:22:53',0,0,NULL,0,0,0,NULL,'2017-03-15 09:22:53','JAVA','게시판 제목입니다.'),
	(696,'게시물 내용입니다.','SeolHun','2017-03-15 09:22:53',0,0,NULL,0,0,0,NULL,'2017-03-15 09:22:53','SPRING','게시판 제목입니다.'),
	(697,'게시물 내용입니다.','SeolHun','2017-03-15 09:22:53',0,0,NULL,0,0,0,NULL,'2017-03-15 09:22:53','JAVASCRIPT','게시판 제목입니다.'),
	(698,'게시물 내용입니다.','SeolHun','2017-03-15 09:22:53',0,0,NULL,0,0,0,NULL,'2017-03-15 09:22:53','ANGULAR','게시판 제목입니다.'),
	(699,'게시물 내용입니다.','SeolHun','2017-03-15 09:22:53',0,0,NULL,0,0,0,NULL,'2017-03-15 09:22:53','LINUX','게시판 제목입니다.'),
	(700,'게시물 내용입니다.','SeolHun','2017-03-15 09:22:53',0,0,NULL,0,0,0,NULL,'2017-03-15 09:22:53','DB','게시판 제목입니다.'),
	(701,'게시물 내용입니다.','SeolHun','2017-03-15 09:22:53',0,0,NULL,0,0,0,NULL,'2017-03-15 09:22:53','MAC','게시판 제목입니다.'),
	(702,'게시물 내용입니다.','SeolHun','2017-03-15 09:22:53',0,0,NULL,0,0,0,NULL,'2017-03-15 09:22:53','JAVA','게시판 제목입니다.'),
	(703,'게시물 내용입니다.','SeolHun','2017-03-15 09:22:53',0,0,NULL,0,0,0,NULL,'2017-03-15 09:22:53','SPRING','게시판 제목입니다.'),
	(704,'게시물 내용입니다.','SeolHun','2017-03-15 09:22:53',0,0,NULL,0,0,0,NULL,'2017-03-15 09:22:53','JAVASCRIPT','게시판 제목입니다.'),
	(705,'게시물 내용입니다.','SeolHun','2017-03-15 09:22:53',0,0,NULL,0,0,0,NULL,'2017-03-15 09:22:53','ANGULAR','게시판 제목입니다.'),
	(706,'게시물 내용입니다.','SeolHun','2017-03-15 09:22:53',0,0,NULL,0,0,0,NULL,'2017-03-15 09:22:53','LINUX','게시판 제목입니다.'),
	(707,'게시물 내용입니다.','SeolHun','2017-03-15 09:22:53',0,0,NULL,0,0,0,NULL,'2017-03-15 09:22:53','DB','게시판 제목입니다.'),
	(708,'게시물 내용입니다.','SeolHun','2017-03-15 09:22:53',0,0,NULL,0,0,0,NULL,'2017-03-15 09:22:53','MAC','게시판 제목입니다.'),
	(709,'게시물 내용입니다.','SeolHun','2017-03-15 09:22:53',0,0,NULL,0,0,0,NULL,'2017-03-15 09:22:53','JAVA','게시판 제목입니다.'),
	(710,'게시물 내용입니다.','SeolHun','2017-03-15 09:22:53',0,0,NULL,0,0,0,NULL,'2017-03-15 09:22:53','SPRING','게시판 제목입니다.'),
	(711,'게시물 내용입니다.','SeolHun','2017-03-15 09:22:53',0,0,NULL,0,0,0,NULL,'2017-03-15 09:22:53','JAVASCRIPT','게시판 제목입니다.'),
	(712,'게시물 내용입니다.','SeolHun','2017-03-15 09:22:53',0,0,NULL,0,0,0,NULL,'2017-03-15 09:22:53','ANGULAR','게시판 제목입니다.'),
	(713,'게시물 내용입니다.','SeolHun','2017-03-15 09:22:53',0,0,NULL,0,0,0,NULL,'2017-03-15 09:22:53','LINUX','게시판 제목입니다.'),
	(714,'게시물 내용입니다.','SeolHun','2017-03-15 09:22:53',0,0,NULL,0,0,0,NULL,'2017-03-15 09:22:53','DB','게시판 제목입니다.'),
	(715,'게시물 내용입니다.','SeolHun','2017-03-15 09:22:53',0,0,NULL,0,0,0,NULL,'2017-03-15 09:22:53','MAC','게시판 제목입니다.'),
	(716,'게시물 내용입니다.','SeolHun','2017-03-15 09:22:53',0,0,NULL,0,0,0,NULL,'2017-03-15 09:22:53','JAVA','게시판 제목입니다.'),
	(717,'게시물 내용입니다.','SeolHun','2017-03-15 09:22:53',0,0,NULL,0,0,0,NULL,'2017-03-15 09:22:53','SPRING','게시판 제목입니다.'),
	(718,'게시물 내용입니다.','SeolHun','2017-03-15 09:22:53',0,0,NULL,0,0,0,NULL,'2017-03-15 09:22:53','JAVASCRIPT','게시판 제목입니다.'),
	(719,'게시물 내용입니다.','SeolHun','2017-03-15 09:22:53',0,0,NULL,0,0,0,NULL,'2017-03-15 09:22:53','ANGULAR','게시판 제목입니다.'),
	(720,'게시물 내용입니다.','SeolHun','2017-03-15 09:22:53',0,0,NULL,0,0,0,NULL,'2017-03-15 09:22:53','LINUX','게시판 제목입니다.'),
	(721,'게시물 내용입니다.','SeolHun','2017-03-15 09:22:53',0,0,NULL,0,0,0,NULL,'2017-03-15 09:22:53','DB','게시판 제목입니다.'),
	(722,'게시물 내용입니다.','SeolHun','2017-03-15 09:22:53',0,0,NULL,0,0,0,NULL,'2017-03-15 09:22:53','MAC','게시판 제목입니다.'),
	(723,'게시물 내용입니다.','SeolHun','2017-03-15 09:22:53',0,0,NULL,0,0,0,NULL,'2017-03-15 09:22:53','JAVA','게시판 제목입니다.'),
	(724,'게시물 내용입니다.','SeolHun','2017-03-15 09:22:53',0,0,NULL,0,0,0,NULL,'2017-03-15 09:22:53','SPRING','게시판 제목입니다.'),
	(725,'게시물 내용입니다.','SeolHun','2017-03-15 09:22:53',0,0,NULL,0,0,0,NULL,'2017-03-15 09:22:53','JAVASCRIPT','게시판 제목입니다.'),
	(726,'게시물 내용입니다.','SeolHun','2017-03-15 09:22:53',0,0,NULL,0,0,0,NULL,'2017-03-15 09:22:53','ANGULAR','게시판 제목입니다.'),
	(727,'게시물 내용입니다.','SeolHun','2017-03-15 09:22:53',0,0,NULL,0,0,0,NULL,'2017-03-15 09:22:53','LINUX','게시판 제목입니다.'),
	(728,'게시물 내용입니다.','SeolHun','2017-03-15 09:22:53',0,0,NULL,0,0,0,NULL,'2017-03-15 09:22:53','DB','게시판 제목입니다.'),
	(729,'게시물 내용입니다.','SeolHun','2017-03-15 09:22:53',0,0,NULL,0,0,0,NULL,'2017-03-15 09:22:53','MAC','게시판 제목입니다.'),
	(730,'게시물 내용입니다.','SeolHun','2017-03-15 09:22:53',0,0,NULL,0,0,0,NULL,'2017-03-15 09:22:53','JAVA','게시판 제목입니다.'),
	(731,'게시물 내용입니다.','SeolHun','2017-03-15 09:22:53',0,0,NULL,0,0,0,NULL,'2017-03-15 09:22:53','SPRING','게시판 제목입니다.'),
	(732,'게시물 내용입니다.','SeolHun','2017-03-15 09:22:53',0,0,NULL,0,0,0,NULL,'2017-03-15 09:22:53','JAVASCRIPT','게시판 제목입니다.'),
	(733,'게시물 내용입니다.','SeolHun','2017-03-15 09:22:53',0,0,NULL,0,0,0,NULL,'2017-03-15 09:22:53','ANGULAR','게시판 제목입니다.'),
	(734,'게시물 내용입니다.','SeolHun','2017-03-15 09:22:53',0,0,NULL,0,0,0,NULL,'2017-03-15 09:22:53','LINUX','게시판 제목입니다.'),
	(735,'게시물 내용입니다.','SeolHun','2017-03-15 09:22:53',0,0,NULL,0,0,0,NULL,'2017-03-15 09:22:53','DB','게시판 제목입니다.'),
	(736,'게시물 내용입니다.','SeolHun','2017-03-15 09:22:53',0,0,NULL,0,0,0,NULL,'2017-03-15 09:22:53','MAC','게시판 제목입니다.'),
	(737,'게시물 내용입니다.','SeolHun','2017-03-15 09:22:53',0,0,NULL,0,0,0,NULL,'2017-03-15 09:22:53','JAVA','게시판 제목입니다.'),
	(738,'게시물 내용입니다.','SeolHun','2017-03-15 09:22:53',0,0,NULL,0,0,0,NULL,'2017-03-15 09:22:53','SPRING','게시판 제목입니다.'),
	(739,'게시물 내용입니다.','SeolHun','2017-03-15 09:22:53',0,0,NULL,0,0,0,NULL,'2017-03-15 09:22:53','JAVASCRIPT','게시판 제목입니다.'),
	(740,'게시물 내용입니다.','SeolHun','2017-03-15 09:22:53',0,0,NULL,0,0,0,NULL,'2017-03-15 09:22:53','ANGULAR','게시판 제목입니다.'),
	(741,'게시물 내용입니다.','SeolHun','2017-03-15 09:22:53',0,0,NULL,0,0,0,NULL,'2017-03-15 09:22:53','LINUX','게시판 제목입니다.'),
	(742,'게시물 내용입니다.','SeolHun','2017-03-15 09:22:53',0,0,NULL,0,0,0,NULL,'2017-03-15 09:22:53','DB','게시판 제목입니다.'),
	(743,'게시물 내용입니다.','SeolHun','2017-03-15 09:22:53',0,0,NULL,0,0,0,NULL,'2017-03-15 09:22:53','MAC','게시판 제목입니다.'),
	(744,'게시물 내용입니다.','SeolHun','2017-03-15 09:22:53',0,0,NULL,0,0,0,NULL,'2017-03-15 09:22:53','JAVA','게시판 제목입니다.'),
	(745,'게시물 내용입니다.','SeolHun','2017-03-15 09:22:53',0,0,NULL,0,0,0,NULL,'2017-03-15 09:22:53','SPRING','게시판 제목입니다.'),
	(746,'게시물 내용입니다.','SeolHun','2017-03-15 09:22:53',0,0,NULL,0,0,0,NULL,'2017-03-15 09:22:53','JAVASCRIPT','게시판 제목입니다.'),
	(747,'게시물 내용입니다.','SeolHun','2017-03-15 09:22:53',0,0,NULL,0,0,0,NULL,'2017-03-15 09:22:53','ANGULAR','게시판 제목입니다.'),
	(748,'게시물 내용입니다.','SeolHun','2017-03-15 09:22:53',0,0,NULL,0,0,0,NULL,'2017-03-15 09:22:53','LINUX','게시판 제목입니다.'),
	(749,'게시물 내용입니다.','SeolHun','2017-03-15 09:22:53',0,0,NULL,0,0,0,NULL,'2017-03-15 09:22:53','DB','게시판 제목입니다.'),
	(750,'게시물 내용입니다.','SeolHun','2017-03-15 09:22:53',0,0,NULL,0,0,0,NULL,'2017-03-15 09:22:53','MAC','게시판 제목입니다.'),
	(751,'게시물 내용입니다.','SeolHun','2017-03-15 09:22:53',0,0,NULL,0,0,0,NULL,'2017-03-15 09:22:53','JAVA','게시판 제목입니다.'),
	(752,'게시물 내용입니다.','SeolHun','2017-03-15 09:22:53',0,0,NULL,0,0,0,NULL,'2017-03-15 09:22:53','SPRING','게시판 제목입니다.'),
	(753,'게시물 내용입니다.','SeolHun','2017-03-15 09:22:53',0,0,NULL,0,0,0,NULL,'2017-03-15 09:22:53','JAVASCRIPT','게시판 제목입니다.'),
	(754,'게시물 내용입니다.','SeolHun','2017-03-15 09:22:53',0,0,NULL,0,0,0,NULL,'2017-03-15 09:22:53','ANGULAR','게시판 제목입니다.'),
	(755,'게시물 내용입니다.','SeolHun','2017-03-15 09:22:53',0,0,NULL,0,0,0,NULL,'2017-03-15 09:22:53','LINUX','게시판 제목입니다.'),
	(756,'게시물 내용입니다.','SeolHun','2017-03-15 09:22:53',0,0,NULL,0,0,0,NULL,'2017-03-15 09:22:53','DB','게시판 제목입니다.'),
	(757,'게시물 내용입니다.','SeolHun','2017-03-15 09:22:53',0,0,NULL,0,0,0,NULL,'2017-03-15 09:22:53','MAC','게시판 제목입니다.'),
	(758,'게시물 내용입니다.','SeolHun','2017-03-15 09:22:53',0,0,NULL,0,0,0,NULL,'2017-03-15 09:22:53','JAVA','게시판 제목입니다.'),
	(759,'게시물 내용입니다.','SeolHun','2017-03-15 09:22:53',0,0,NULL,0,0,0,NULL,'2017-03-15 09:22:53','SPRING','게시판 제목입니다.'),
	(760,'게시물 내용입니다.','SeolHun','2017-03-15 09:22:53',0,0,NULL,0,0,0,NULL,'2017-03-15 09:22:53','JAVASCRIPT','게시판 제목입니다.'),
	(761,'게시물 내용입니다.','SeolHun','2017-03-15 09:22:53',0,0,NULL,0,0,0,NULL,'2017-03-15 09:22:53','ANGULAR','게시판 제목입니다.'),
	(762,'게시물 내용입니다.','SeolHun','2017-03-15 09:22:53',0,0,NULL,0,0,0,NULL,'2017-03-15 09:22:53','LINUX','게시판 제목입니다.'),
	(763,'게시물 내용입니다.','SeolHun','2017-03-15 09:22:53',0,0,NULL,0,0,0,NULL,'2017-03-15 09:22:53','DB','게시판 제목입니다.'),
	(764,'게시물 내용입니다.','SeolHun','2017-03-15 09:22:53',0,0,NULL,0,0,0,NULL,'2017-03-15 09:22:53','MAC','게시판 제목입니다.'),
	(765,'게시물 내용입니다.','SeolHun','2017-03-15 09:22:53',0,0,NULL,0,0,0,NULL,'2017-03-15 09:22:53','JAVA','게시판 제목입니다.'),
	(766,'게시물 내용입니다.','SeolHun','2017-03-15 09:22:53',0,0,NULL,0,0,0,NULL,'2017-03-15 09:22:53','SPRING','게시판 제목입니다.'),
	(767,'게시물 내용입니다.','SeolHun','2017-03-15 09:22:53',0,0,NULL,0,0,0,NULL,'2017-03-15 09:22:53','JAVASCRIPT','게시판 제목입니다.'),
	(768,'게시물 내용입니다.','SeolHun','2017-03-15 09:22:53',0,0,NULL,0,0,0,NULL,'2017-03-15 09:22:53','ANGULAR','게시판 제목입니다.'),
	(769,'게시물 내용입니다.','SeolHun','2017-03-15 09:22:53',0,0,NULL,0,0,0,NULL,'2017-03-15 09:22:53','LINUX','게시판 제목입니다.'),
	(770,'게시물 내용입니다.','SeolHun','2017-03-15 09:22:53',0,0,NULL,0,0,0,NULL,'2017-03-15 09:22:53','DB','게시판 제목입니다.'),
	(771,'게시물 내용입니다.','SeolHun','2017-03-15 09:22:53',0,0,NULL,0,0,0,NULL,'2017-03-15 09:22:53','MAC','게시판 제목입니다.'),
	(772,'게시물 내용입니다.','SeolHun','2017-03-15 09:22:53',0,0,NULL,0,0,0,NULL,'2017-03-15 09:22:53','JAVA','게시판 제목입니다.'),
	(773,'게시물 내용입니다.','SeolHun','2017-03-15 09:22:53',0,0,NULL,0,0,0,NULL,'2017-03-15 09:22:53','SPRING','게시판 제목입니다.'),
	(774,'게시물 내용입니다.','SeolHun','2017-03-15 09:22:53',0,0,NULL,0,0,0,NULL,'2017-03-15 09:22:53','JAVASCRIPT','게시판 제목입니다.'),
	(775,'게시물 내용입니다.','SeolHun','2017-03-15 09:22:53',0,0,NULL,0,0,0,NULL,'2017-03-15 09:22:53','ANGULAR','게시판 제목입니다.'),
	(776,'게시물 내용입니다.','SeolHun','2017-03-15 09:22:53',0,0,NULL,0,0,0,NULL,'2017-03-15 09:22:53','LINUX','게시판 제목입니다.'),
	(777,'게시물 내용입니다.','SeolHun','2017-03-15 09:22:53',0,0,NULL,0,0,0,NULL,'2017-03-15 09:22:53','DB','게시판 제목입니다.'),
	(778,'게시물 내용입니다.','SeolHun','2017-03-15 09:22:53',0,0,NULL,0,0,0,NULL,'2017-03-15 09:22:53','MAC','게시판 제목입니다.'),
	(779,'게시물 내용입니다.','SeolHun','2017-03-15 09:22:53',0,0,NULL,0,0,0,NULL,'2017-03-15 09:22:53','JAVA','게시판 제목입니다.'),
	(780,'게시물 내용입니다.','SeolHun','2017-03-15 09:22:53',0,0,NULL,0,0,0,NULL,'2017-03-15 09:22:53','SPRING','게시판 제목입니다.'),
	(781,'게시물 내용입니다.','SeolHun','2017-03-15 09:22:53',0,0,NULL,0,0,0,NULL,'2017-03-15 09:22:53','JAVASCRIPT','게시판 제목입니다.'),
	(782,'게시물 내용입니다.','SeolHun','2017-03-15 09:22:53',0,0,NULL,0,0,0,NULL,'2017-03-15 09:22:53','ANGULAR','게시판 제목입니다.'),
	(783,'게시물 내용입니다.','SeolHun','2017-03-15 09:22:53',0,0,NULL,0,0,0,NULL,'2017-03-15 09:22:53','LINUX','게시판 제목입니다.'),
	(784,'게시물 내용입니다.','SeolHun','2017-03-15 09:22:53',0,0,NULL,0,0,0,NULL,'2017-03-15 09:22:53','DB','게시판 제목입니다.'),
	(785,'게시물 내용입니다.','SeolHun','2017-03-15 09:22:53',0,0,NULL,0,0,0,NULL,'2017-03-15 09:22:53','MAC','게시판 제목입니다.'),
	(786,'게시물 내용입니다.','SeolHun','2017-03-15 09:22:53',0,0,NULL,0,0,0,NULL,'2017-03-15 09:22:53','JAVA','게시판 제목입니다.'),
	(787,'게시물 내용입니다.','SeolHun','2017-03-15 09:22:53',0,0,NULL,0,0,0,NULL,'2017-03-15 09:22:53','SPRING','게시판 제목입니다.'),
	(788,'게시물 내용입니다.','SeolHun','2017-03-15 09:22:53',0,0,NULL,0,0,0,NULL,'2017-03-15 09:22:53','JAVASCRIPT','게시판 제목입니다.'),
	(789,'게시물 내용입니다.','SeolHun','2017-03-15 09:22:53',0,0,NULL,0,0,0,NULL,'2017-03-15 09:22:53','ANGULAR','게시판 제목입니다.'),
	(790,'게시물 내용입니다.','SeolHun','2017-03-15 09:22:53',0,0,NULL,0,0,0,NULL,'2017-03-15 09:22:53','LINUX','게시판 제목입니다.'),
	(791,'게시물 내용입니다.','SeolHun','2017-03-15 09:22:53',0,0,NULL,0,0,0,NULL,'2017-03-15 09:22:53','DB','게시판 제목입니다.'),
	(792,'게시물 내용입니다.','SeolHun','2017-03-15 09:22:53',0,0,NULL,0,0,0,NULL,'2017-03-15 09:22:53','MAC','게시판 제목입니다.'),
	(793,'게시물 내용입니다.','SeolHun','2017-03-15 09:22:53',0,0,NULL,0,0,0,NULL,'2017-03-15 09:22:53','JAVA','게시판 제목입니다.'),
	(794,'게시물 내용입니다.','SeolHun','2017-03-15 09:22:53',0,0,NULL,0,0,0,NULL,'2017-03-15 09:22:53','SPRING','게시판 제목입니다.'),
	(795,'게시물 내용입니다.','SeolHun','2017-03-15 09:22:53',0,0,NULL,0,0,0,NULL,'2017-03-15 09:22:53','JAVASCRIPT','게시판 제목입니다.'),
	(796,'게시물 내용입니다.','SeolHun','2017-03-15 09:22:53',0,0,NULL,0,0,0,NULL,'2017-03-15 09:22:53','ANGULAR','게시판 제목입니다.'),
	(797,'게시물 내용입니다.','SeolHun','2017-03-15 09:22:53',0,0,NULL,0,0,0,NULL,'2017-03-15 09:22:53','LINUX','게시판 제목입니다.'),
	(798,'게시물 내용입니다.','SeolHun','2017-03-15 09:22:53',0,0,NULL,0,0,0,NULL,'2017-03-15 09:22:53','DB','게시판 제목입니다.'),
	(799,'게시물 내용입니다.','SeolHun','2017-03-15 09:22:53',0,0,NULL,0,0,0,NULL,'2017-03-15 09:22:53','MAC','게시판 제목입니다.'),
	(800,'게시물 내용입니다.','SeolHun','2017-03-15 09:22:53',0,0,NULL,0,0,0,NULL,'2017-03-15 09:22:53','JAVA','게시판 제목입니다.'),
	(801,'게시물 내용입니다.','SeolHun','2017-03-15 09:22:53',0,0,NULL,0,0,0,NULL,'2017-03-15 09:22:53','SPRING','게시판 제목입니다.'),
	(802,'게시물 내용입니다.','SeolHun','2017-03-15 09:22:53',0,0,NULL,0,0,0,NULL,'2017-03-15 09:22:53','JAVASCRIPT','게시판 제목입니다.'),
	(803,'게시물 내용입니다.','SeolHun','2017-03-15 09:22:53',0,0,NULL,0,0,0,NULL,'2017-03-15 09:22:53','ANGULAR','게시판 제목입니다.'),
	(804,'게시물 내용입니다.','SeolHun','2017-03-15 09:22:53',0,0,NULL,0,0,0,NULL,'2017-03-15 09:22:53','LINUX','게시판 제목입니다.'),
	(805,'게시물 내용입니다.','SeolHun','2017-03-15 09:22:53',0,0,NULL,0,0,0,NULL,'2017-03-15 09:22:53','DB','게시판 제목입니다.'),
	(806,'게시물 내용입니다.','SeolHun','2017-03-15 09:22:53',0,0,NULL,0,0,0,NULL,'2017-03-15 09:22:53','MAC','게시판 제목입니다.'),
	(807,'게시물 내용입니다.','SeolHun','2017-03-15 09:22:53',0,0,NULL,0,0,0,NULL,'2017-03-15 09:22:53','JAVA','게시판 제목입니다.'),
	(808,'게시물 내용입니다.','SeolHun','2017-03-15 09:22:53',0,0,NULL,0,0,0,NULL,'2017-03-15 09:22:53','SPRING','게시판 제목입니다.'),
	(809,'게시물 내용입니다.','SeolHun','2017-03-15 09:22:53',0,0,NULL,0,0,0,NULL,'2017-03-15 09:22:53','JAVASCRIPT','게시판 제목입니다.'),
	(810,'게시물 내용입니다.','SeolHun','2017-03-15 09:22:53',0,0,NULL,0,0,0,NULL,'2017-03-15 09:22:53','ANGULAR','게시판 제목입니다.'),
	(811,'게시물 내용입니다.','SeolHun','2017-03-15 09:22:53',0,0,NULL,0,0,0,NULL,'2017-03-15 09:22:53','LINUX','게시판 제목입니다.'),
	(812,'게시물 내용입니다.','SeolHun','2017-03-15 09:22:53',0,0,NULL,0,0,0,NULL,'2017-03-15 09:22:53','DB','게시판 제목입니다.'),
	(813,'게시물 내용입니다.','SeolHun','2017-03-15 09:22:53',0,0,NULL,0,0,0,NULL,'2017-03-15 09:22:53','MAC','게시판 제목입니다.'),
	(814,'게시물 내용입니다.','SeolHun','2017-03-15 09:22:53',0,0,NULL,0,0,0,NULL,'2017-03-15 09:22:53','JAVA','게시판 제목입니다.'),
	(815,'게시물 내용입니다.','SeolHun','2017-03-15 09:22:53',0,0,NULL,0,0,0,NULL,'2017-03-15 09:22:53','SPRING','게시판 제목입니다.'),
	(816,'게시물 내용입니다.','SeolHun','2017-03-15 09:22:53',0,0,NULL,0,0,0,NULL,'2017-03-15 09:22:53','JAVASCRIPT','게시판 제목입니다.'),
	(817,'게시물 내용입니다.','SeolHun','2017-03-15 09:22:53',0,0,NULL,0,0,0,NULL,'2017-03-15 09:22:53','ANGULAR','게시판 제목입니다.'),
	(818,'게시물 내용입니다.','SeolHun','2017-03-15 09:22:53',0,0,NULL,0,0,0,NULL,'2017-03-15 09:22:53','LINUX','게시판 제목입니다.'),
	(819,'게시물 내용입니다.','SeolHun','2017-03-15 09:22:53',0,0,NULL,0,0,0,NULL,'2017-03-15 09:22:53','DB','게시판 제목입니다.'),
	(820,'게시물 내용입니다.','SeolHun','2017-03-15 09:22:53',0,0,NULL,0,0,0,NULL,'2017-03-15 09:22:53','MAC','게시판 제목입니다.'),
	(821,'게시물 내용입니다.','SeolHun','2017-03-15 09:22:53',0,0,NULL,0,0,0,NULL,'2017-03-15 09:22:53','JAVA','게시판 제목입니다.'),
	(822,'게시물 내용입니다.','SeolHun','2017-03-15 09:22:53',0,0,NULL,0,0,0,NULL,'2017-03-15 09:22:53','SPRING','게시판 제목입니다.'),
	(823,'게시물 내용입니다.','SeolHun','2017-03-15 09:22:53',0,0,NULL,0,0,0,NULL,'2017-03-15 09:22:53','JAVASCRIPT','게시판 제목입니다.'),
	(824,'게시물 내용입니다.','SeolHun','2017-03-15 09:22:53',0,0,NULL,0,0,0,NULL,'2017-03-15 09:22:53','ANGULAR','게시판 제목입니다.'),
	(825,'게시물 내용입니다.','SeolHun','2017-03-15 09:22:53',0,0,NULL,0,0,0,NULL,'2017-03-15 09:22:53','LINUX','게시판 제목입니다.'),
	(826,'게시물 내용입니다.','SeolHun','2017-03-15 09:22:53',0,0,NULL,0,0,0,NULL,'2017-03-15 09:22:53','DB','게시판 제목입니다.'),
	(827,'게시물 내용입니다.','SeolHun','2017-03-15 09:22:53',0,0,NULL,0,0,0,NULL,'2017-03-15 09:22:53','MAC','게시판 제목입니다.'),
	(828,'게시물 내용입니다.','SeolHun','2017-03-15 09:22:53',0,0,NULL,0,0,0,NULL,'2017-03-15 09:22:53','JAVA','게시판 제목입니다.'),
	(829,'게시물 내용입니다.','SeolHun','2017-03-15 09:22:53',0,0,NULL,0,0,0,NULL,'2017-03-15 09:22:53','SPRING','게시판 제목입니다.'),
	(830,'게시물 내용입니다.','SeolHun','2017-03-15 09:22:53',0,0,NULL,0,0,0,NULL,'2017-03-15 09:22:53','JAVASCRIPT','게시판 제목입니다.'),
	(831,'게시물 내용입니다.','SeolHun','2017-03-15 09:22:53',0,0,NULL,0,0,0,NULL,'2017-03-15 09:22:53','ANGULAR','게시판 제목입니다.'),
	(832,'게시물 내용입니다.','SeolHun','2017-03-15 09:22:53',0,0,NULL,0,0,0,NULL,'2017-03-15 09:22:53','LINUX','게시판 제목입니다.'),
	(833,'게시물 내용입니다.','SeolHun','2017-03-15 09:22:53',0,0,NULL,0,0,0,NULL,'2017-03-15 09:22:53','DB','게시판 제목입니다.'),
	(834,'게시물 내용입니다.','SeolHun','2017-03-15 09:22:53',0,0,NULL,0,0,0,NULL,'2017-03-15 09:22:53','MAC','게시판 제목입니다.'),
	(835,'게시물 내용입니다.','SeolHun','2017-03-15 09:22:53',0,0,NULL,0,0,0,NULL,'2017-03-15 09:22:53','JAVA','게시판 제목입니다.'),
	(836,'게시물 내용입니다.','SeolHun','2017-03-15 09:22:53',0,0,NULL,0,0,0,NULL,'2017-03-15 09:22:53','SPRING','게시판 제목입니다.'),
	(837,'게시물 내용입니다.','SeolHun','2017-03-15 09:22:53',0,0,NULL,0,0,0,NULL,'2017-03-15 09:22:53','JAVASCRIPT','게시판 제목입니다.'),
	(838,'게시물 내용입니다.','SeolHun','2017-03-15 09:22:53',0,0,NULL,0,0,0,NULL,'2017-03-15 09:22:53','ANGULAR','게시판 제목입니다.'),
	(839,'게시물 내용입니다.','SeolHun','2017-03-15 09:22:53',0,0,NULL,0,0,0,NULL,'2017-03-15 09:22:53','LINUX','게시판 제목입니다.'),
	(840,'게시물 내용입니다.','SeolHun','2017-03-15 09:22:53',0,0,NULL,0,0,0,NULL,'2017-03-15 09:22:53','DB','게시판 제목입니다.'),
	(841,'게시물 내용입니다.','SeolHun','2017-03-15 09:22:53',0,0,NULL,0,0,0,NULL,'2017-03-15 09:22:53','MAC','게시판 제목입니다.'),
	(842,'게시물 내용입니다.','SeolHun','2017-03-15 09:22:53',0,0,NULL,0,0,0,NULL,'2017-03-15 09:22:53','JAVA','게시판 제목입니다.'),
	(843,'게시물 내용입니다.','SeolHun','2017-03-15 09:22:53',0,0,NULL,0,0,0,NULL,'2017-03-15 09:22:53','SPRING','게시판 제목입니다.'),
	(844,'게시물 내용입니다.','SeolHun','2017-03-15 09:22:53',0,0,NULL,0,0,0,NULL,'2017-03-15 09:22:53','JAVASCRIPT','게시판 제목입니다.'),
	(845,'게시물 내용입니다.','SeolHun','2017-03-15 09:22:53',0,0,NULL,0,0,0,NULL,'2017-03-15 09:22:53','ANGULAR','게시판 제목입니다.'),
	(846,'게시물 내용입니다.','SeolHun','2017-03-15 09:22:53',0,0,NULL,0,0,0,NULL,'2017-03-15 09:22:53','LINUX','게시판 제목입니다.'),
	(847,'게시물 내용입니다.','SeolHun','2017-03-15 09:22:53',0,0,NULL,0,0,0,NULL,'2017-03-15 09:22:53','DB','게시판 제목입니다.'),
	(848,'게시물 내용입니다.','SeolHun','2017-03-15 09:22:53',0,0,NULL,0,0,0,NULL,'2017-03-15 09:22:53','MAC','게시판 제목입니다.'),
	(849,'게시물 내용입니다.','SeolHun','2017-03-15 09:22:53',0,0,NULL,0,0,0,NULL,'2017-03-15 09:22:53','JAVA','게시판 제목입니다.'),
	(850,'게시물 내용입니다.','SeolHun','2017-03-15 09:22:53',0,0,NULL,0,0,0,NULL,'2017-03-15 09:22:53','SPRING','게시판 제목입니다.'),
	(851,'게시물 내용입니다.','SeolHun','2017-03-15 09:22:53',0,0,NULL,0,0,0,NULL,'2017-03-15 09:22:53','JAVASCRIPT','게시판 제목입니다.'),
	(852,'게시물 내용입니다.','SeolHun','2017-03-15 09:22:53',0,0,NULL,0,0,0,NULL,'2017-03-15 09:22:53','ANGULAR','게시판 제목입니다.'),
	(853,'게시물 내용입니다.','SeolHun','2017-03-15 09:22:53',0,0,NULL,0,0,0,NULL,'2017-03-15 09:22:53','LINUX','게시판 제목입니다.'),
	(854,'게시물 내용입니다.','SeolHun','2017-03-15 09:22:53',0,0,NULL,0,0,0,NULL,'2017-03-15 09:22:53','DB','게시판 제목입니다.'),
	(855,'게시물 내용입니다.','SeolHun','2017-03-15 09:22:53',0,0,NULL,0,0,0,NULL,'2017-03-15 09:22:53','MAC','게시판 제목입니다.'),
	(856,'게시물 내용입니다.','SeolHun','2017-03-15 09:22:53',0,0,NULL,0,0,0,NULL,'2017-03-15 09:22:53','JAVA','게시판 제목입니다.'),
	(857,'게시물 내용입니다.','SeolHun','2017-03-15 09:22:53',0,0,NULL,0,0,0,NULL,'2017-03-15 09:22:53','SPRING','게시판 제목입니다.'),
	(858,'게시물 내용입니다.','SeolHun','2017-03-15 09:22:53',0,0,NULL,0,0,0,NULL,'2017-03-15 09:22:53','JAVASCRIPT','게시판 제목입니다.'),
	(859,'게시물 내용입니다.','SeolHun','2017-03-15 09:22:53',0,0,NULL,0,0,0,NULL,'2017-03-15 09:22:53','ANGULAR','게시판 제목입니다.'),
	(860,'게시물 내용입니다.','SeolHun','2017-03-15 09:22:53',0,0,NULL,0,0,0,NULL,'2017-03-15 09:22:53','LINUX','게시판 제목입니다.'),
	(861,'게시물 내용입니다.','SeolHun','2017-03-15 09:22:53',0,0,NULL,0,0,0,NULL,'2017-03-15 09:22:53','DB','게시판 제목입니다.'),
	(862,'게시물 내용입니다.','SeolHun','2017-03-15 09:22:53',0,0,NULL,0,0,0,NULL,'2017-03-15 09:22:53','MAC','게시판 제목입니다.'),
	(863,'게시물 내용입니다.','SeolHun','2017-03-15 09:22:53',0,0,NULL,0,0,0,NULL,'2017-03-15 09:22:53','JAVA','게시판 제목입니다.'),
	(864,'게시물 내용입니다.','SeolHun','2017-03-15 09:22:53',0,0,NULL,0,0,0,NULL,'2017-03-15 09:22:53','SPRING','게시판 제목입니다.'),
	(865,'게시물 내용입니다.','SeolHun','2017-03-15 09:22:53',0,0,NULL,0,0,0,NULL,'2017-03-15 09:22:53','JAVASCRIPT','게시판 제목입니다.'),
	(866,'게시물 내용입니다.','SeolHun','2017-03-15 09:22:53',0,0,NULL,0,0,0,NULL,'2017-03-15 09:22:53','ANGULAR','게시판 제목입니다.'),
	(867,'게시물 내용입니다.','SeolHun','2017-03-15 09:22:53',0,0,NULL,0,0,0,NULL,'2017-03-15 09:22:53','LINUX','게시판 제목입니다.'),
	(868,'게시물 내용입니다.','SeolHun','2017-03-15 09:22:53',0,0,NULL,0,0,0,NULL,'2017-03-15 09:22:53','DB','게시판 제목입니다.'),
	(869,'게시물 내용입니다.','SeolHun','2017-03-15 09:22:53',0,0,NULL,0,0,0,NULL,'2017-03-15 09:22:53','MAC','게시판 제목입니다.'),
	(870,'게시물 내용입니다.','SeolHun','2017-03-15 09:22:53',0,0,NULL,0,0,0,NULL,'2017-03-15 09:22:53','JAVA','게시판 제목입니다.'),
	(871,'게시물 내용입니다.','SeolHun','2017-03-15 09:22:53',0,0,NULL,0,0,0,NULL,'2017-03-15 09:22:53','SPRING','게시판 제목입니다.'),
	(872,'게시물 내용입니다.','SeolHun','2017-03-15 09:22:53',0,0,NULL,0,0,0,NULL,'2017-03-15 09:22:53','JAVASCRIPT','게시판 제목입니다.'),
	(873,'게시물 내용입니다.','SeolHun','2017-03-15 09:22:53',0,0,NULL,0,0,0,NULL,'2017-03-15 09:22:53','ANGULAR','게시판 제목입니다.'),
	(874,'게시물 내용입니다.','SeolHun','2017-03-15 09:22:53',0,0,NULL,0,0,0,NULL,'2017-03-15 09:22:53','LINUX','게시판 제목입니다.'),
	(875,'게시물 내용입니다.','SeolHun','2017-03-15 09:22:53',0,0,NULL,0,0,0,NULL,'2017-03-15 09:22:53','DB','게시판 제목입니다.'),
	(876,'게시물 내용입니다.','SeolHun','2017-03-15 09:22:53',0,0,NULL,0,0,0,NULL,'2017-03-15 09:22:53','MAC','게시판 제목입니다.'),
	(877,'게시물 내용입니다.','SeolHun','2017-03-15 09:22:53',0,0,NULL,0,0,0,NULL,'2017-03-15 09:22:53','JAVA','게시판 제목입니다.'),
	(878,'게시물 내용입니다.','SeolHun','2017-03-15 09:22:53',0,0,NULL,0,0,0,NULL,'2017-03-15 09:22:53','SPRING','게시판 제목입니다.'),
	(879,'게시물 내용입니다.','SeolHun','2017-03-15 09:22:53',0,0,NULL,0,0,0,NULL,'2017-03-15 09:22:53','JAVASCRIPT','게시판 제목입니다.'),
	(880,'게시물 내용입니다.','SeolHun','2017-03-15 09:22:53',0,0,NULL,0,0,0,NULL,'2017-03-15 09:22:53','ANGULAR','게시판 제목입니다.'),
	(881,'게시물 내용입니다.','SeolHun','2017-03-15 09:22:53',0,0,NULL,0,0,0,NULL,'2017-03-15 09:22:53','LINUX','게시판 제목입니다.'),
	(882,'게시물 내용입니다.','SeolHun','2017-03-15 09:22:53',0,0,NULL,0,0,0,NULL,'2017-03-15 09:22:53','DB','게시판 제목입니다.'),
	(883,'게시물 내용입니다.','SeolHun','2017-03-15 09:22:53',0,0,NULL,0,0,0,NULL,'2017-03-15 09:22:53','MAC','게시판 제목입니다.'),
	(884,'게시물 내용입니다.','SeolHun','2017-03-15 09:22:53',0,0,NULL,0,0,0,NULL,'2017-03-15 09:22:53','JAVA','게시판 제목입니다.'),
	(885,'게시물 내용입니다.','SeolHun','2017-03-15 09:22:53',0,0,NULL,0,0,0,NULL,'2017-03-15 09:22:53','SPRING','게시판 제목입니다.'),
	(886,'게시물 내용입니다.','SeolHun','2017-03-15 09:22:53',0,0,NULL,0,0,0,NULL,'2017-03-15 09:22:53','JAVASCRIPT','게시판 제목입니다.'),
	(887,'게시물 내용입니다.','SeolHun','2017-03-15 09:22:53',0,0,NULL,0,0,0,NULL,'2017-03-15 09:22:53','ANGULAR','게시판 제목입니다.'),
	(888,'게시물 내용입니다.','SeolHun','2017-03-15 09:22:53',0,0,NULL,0,0,0,NULL,'2017-03-15 09:22:53','LINUX','게시판 제목입니다.'),
	(889,'게시물 내용입니다.','SeolHun','2017-03-15 09:22:53',0,0,NULL,0,0,0,NULL,'2017-03-15 09:22:53','DB','게시판 제목입니다.'),
	(890,'게시물 내용입니다.','SeolHun','2017-03-15 09:22:53',0,0,NULL,0,0,0,NULL,'2017-03-15 09:22:53','MAC','게시판 제목입니다.'),
	(891,'게시물 내용입니다.','SeolHun','2017-03-15 09:22:53',0,0,NULL,0,0,0,NULL,'2017-03-15 09:22:53','JAVA','게시판 제목입니다.'),
	(892,'게시물 내용입니다.','SeolHun','2017-03-15 09:22:53',0,0,NULL,0,0,0,NULL,'2017-03-15 09:22:53','SPRING','게시판 제목입니다.'),
	(893,'게시물 내용입니다.','SeolHun','2017-03-15 09:22:53',0,0,NULL,0,0,0,NULL,'2017-03-15 09:22:53','JAVASCRIPT','게시판 제목입니다.'),
	(894,'게시물 내용입니다.','SeolHun','2017-03-15 09:22:53',0,0,NULL,0,0,0,NULL,'2017-03-15 09:22:53','ANGULAR','게시판 제목입니다.'),
	(895,'게시물 내용입니다.','SeolHun','2017-03-15 09:22:53',0,0,NULL,0,0,0,NULL,'2017-03-15 09:22:53','LINUX','게시판 제목입니다.'),
	(896,'게시물 내용입니다.','SeolHun','2017-03-15 09:22:53',0,0,NULL,0,0,0,NULL,'2017-03-15 09:22:53','DB','게시판 제목입니다.'),
	(897,'게시물 내용입니다.','SeolHun','2017-03-15 09:22:53',0,0,NULL,0,0,0,NULL,'2017-03-15 09:22:53','MAC','게시판 제목입니다.'),
	(898,'게시물 내용입니다.','SeolHun','2017-03-15 09:22:53',0,0,NULL,0,0,0,NULL,'2017-03-15 09:22:53','JAVA','게시판 제목입니다.'),
	(899,'게시물 내용입니다.','SeolHun','2017-03-15 09:22:53',0,0,NULL,0,0,0,NULL,'2017-03-15 09:22:53','SPRING','게시판 제목입니다.'),
	(900,'게시물 내용입니다.','SeolHun','2017-03-15 09:22:53',0,0,NULL,0,0,0,NULL,'2017-03-15 09:22:53','JAVASCRIPT','게시판 제목입니다.'),
	(901,'게시물 내용입니다.','SeolHun','2017-03-15 09:22:53',0,0,NULL,0,0,0,NULL,'2017-03-15 09:22:53','ANGULAR','게시판 제목입니다.'),
	(902,'게시물 내용입니다.','SeolHun','2017-03-15 09:22:53',0,0,NULL,0,0,0,NULL,'2017-03-15 09:22:53','LINUX','게시판 제목입니다.'),
	(903,'게시물 내용입니다.','SeolHun','2017-03-15 09:22:53',0,0,NULL,0,0,0,NULL,'2017-03-15 09:22:53','DB','게시판 제목입니다.'),
	(904,'게시물 내용입니다.','SeolHun','2017-03-15 09:22:53',0,0,NULL,0,0,0,NULL,'2017-03-15 09:22:53','MAC','게시판 제목입니다.'),
	(905,'게시물 내용입니다.','SeolHun','2017-03-15 09:22:53',0,0,NULL,0,0,0,NULL,'2017-03-15 09:22:53','JAVA','게시판 제목입니다.'),
	(906,'게시물 내용입니다.','SeolHun','2017-03-15 09:22:53',0,0,NULL,0,0,0,NULL,'2017-03-15 09:22:53','SPRING','게시판 제목입니다.'),
	(907,'게시물 내용입니다.','SeolHun','2017-03-15 09:22:53',0,0,NULL,0,0,0,NULL,'2017-03-15 09:22:53','JAVASCRIPT','게시판 제목입니다.'),
	(908,'게시물 내용입니다.','SeolHun','2017-03-15 09:22:53',0,0,NULL,0,0,0,NULL,'2017-03-15 09:22:53','ANGULAR','게시판 제목입니다.'),
	(909,'게시물 내용입니다.','SeolHun','2017-03-15 09:22:53',0,0,NULL,0,0,0,NULL,'2017-03-15 09:22:53','LINUX','게시판 제목입니다.'),
	(910,'게시물 내용입니다.','SeolHun','2017-03-15 09:22:53',0,0,NULL,0,0,0,NULL,'2017-03-15 09:22:53','DB','게시판 제목입니다.'),
	(911,'게시물 내용입니다.','SeolHun','2017-03-15 09:22:53',0,0,NULL,0,0,0,NULL,'2017-03-15 09:22:53','MAC','게시판 제목입니다.'),
	(912,'게시물 내용입니다.','SeolHun','2017-03-15 09:22:53',0,0,NULL,0,0,0,NULL,'2017-03-15 09:22:53','JAVA','게시판 제목입니다.'),
	(913,'게시물 내용입니다.','SeolHun','2017-03-15 09:22:53',0,0,NULL,0,0,0,NULL,'2017-03-15 09:22:53','SPRING','게시판 제목입니다.'),
	(914,'게시물 내용입니다.','SeolHun','2017-03-15 09:22:53',0,0,NULL,0,0,0,NULL,'2017-03-15 09:22:53','JAVASCRIPT','게시판 제목입니다.'),
	(915,'게시물 내용입니다.','SeolHun','2017-03-15 09:22:53',0,0,NULL,0,0,0,NULL,'2017-03-15 09:22:53','ANGULAR','게시판 제목입니다.'),
	(916,'게시물 내용입니다.','SeolHun','2017-03-15 09:22:53',0,0,NULL,0,0,0,NULL,'2017-03-15 09:22:53','LINUX','게시판 제목입니다.'),
	(917,'게시물 내용입니다.','SeolHun','2017-03-15 09:22:53',0,0,NULL,0,0,0,NULL,'2017-03-15 09:22:53','DB','게시판 제목입니다.'),
	(918,'게시물 내용입니다.','SeolHun','2017-03-15 09:22:53',0,0,NULL,0,0,0,NULL,'2017-03-15 09:22:53','MAC','게시판 제목입니다.'),
	(919,'게시물 내용입니다.','SeolHun','2017-03-15 09:22:53',0,0,NULL,0,0,0,NULL,'2017-03-15 09:22:53','JAVA','게시판 제목입니다.'),
	(920,'게시물 내용입니다.','SeolHun','2017-03-15 09:22:53',0,0,NULL,0,0,0,NULL,'2017-03-15 09:22:53','SPRING','게시판 제목입니다.'),
	(921,'게시물 내용입니다.','SeolHun','2017-03-15 09:22:53',0,0,NULL,0,0,0,NULL,'2017-03-15 09:22:53','JAVASCRIPT','게시판 제목입니다.'),
	(922,'게시물 내용입니다.','SeolHun','2017-03-15 09:22:53',0,0,NULL,0,0,0,NULL,'2017-03-15 09:22:53','ANGULAR','게시판 제목입니다.'),
	(923,'게시물 내용입니다.','SeolHun','2017-03-15 09:22:53',0,0,NULL,0,0,0,NULL,'2017-03-15 09:22:53','LINUX','게시판 제목입니다.'),
	(924,'게시물 내용입니다.','SeolHun','2017-03-15 09:22:53',0,0,NULL,0,0,0,NULL,'2017-03-15 09:22:53','DB','게시판 제목입니다.'),
	(925,'게시물 내용입니다.','SeolHun','2017-03-15 09:22:53',0,0,NULL,0,0,0,NULL,'2017-03-15 09:22:53','MAC','게시판 제목입니다.'),
	(926,'게시물 내용입니다.','SeolHun','2017-03-15 09:22:53',0,0,NULL,0,0,0,NULL,'2017-03-15 09:22:53','JAVA','게시판 제목입니다.'),
	(927,'게시물 내용입니다.','SeolHun','2017-03-15 09:22:53',0,0,NULL,0,0,0,NULL,'2017-03-15 09:22:53','SPRING','게시판 제목입니다.'),
	(928,'게시물 내용입니다.','SeolHun','2017-03-15 09:22:53',0,0,NULL,0,0,0,NULL,'2017-03-15 09:22:53','JAVASCRIPT','게시판 제목입니다.'),
	(929,'게시물 내용입니다.','SeolHun','2017-03-15 09:22:53',0,0,NULL,0,0,0,NULL,'2017-03-15 09:22:53','ANGULAR','게시판 제목입니다.'),
	(930,'게시물 내용입니다.','SeolHun','2017-03-15 09:22:53',0,0,NULL,0,0,0,NULL,'2017-03-15 09:22:53','LINUX','게시판 제목입니다.'),
	(931,'게시물 내용입니다.','SeolHun','2017-03-15 09:22:53',0,0,NULL,0,0,0,NULL,'2017-03-15 09:22:53','DB','게시판 제목입니다.'),
	(932,'게시물 내용입니다.','SeolHun','2017-03-15 09:22:53',0,0,NULL,0,0,0,NULL,'2017-03-15 09:22:53','MAC','게시판 제목입니다.'),
	(933,'게시물 내용입니다.','SeolHun','2017-03-15 09:22:53',0,0,NULL,0,0,0,NULL,'2017-03-15 09:22:53','JAVA','게시판 제목입니다.'),
	(934,'게시물 내용입니다.','SeolHun','2017-03-15 09:22:53',0,0,NULL,0,0,0,NULL,'2017-03-15 09:22:53','SPRING','게시판 제목입니다.'),
	(935,'게시물 내용입니다.','SeolHun','2017-03-15 09:22:53',0,0,NULL,0,0,0,NULL,'2017-03-15 09:22:53','JAVASCRIPT','게시판 제목입니다.'),
	(936,'게시물 내용입니다.','SeolHun','2017-03-15 09:22:53',0,0,NULL,0,0,0,NULL,'2017-03-15 09:22:53','ANGULAR','게시판 제목입니다.'),
	(937,'게시물 내용입니다.','SeolHun','2017-03-15 09:22:53',0,0,NULL,0,0,0,NULL,'2017-03-15 09:22:53','LINUX','게시판 제목입니다.'),
	(938,'게시물 내용입니다.','SeolHun','2017-03-15 09:22:53',0,0,NULL,0,0,0,NULL,'2017-03-15 09:22:53','DB','게시판 제목입니다.'),
	(939,'게시물 내용입니다.','SeolHun','2017-03-15 09:22:53',0,0,NULL,0,0,0,NULL,'2017-03-15 09:22:53','MAC','게시판 제목입니다.'),
	(940,'게시물 내용입니다.','SeolHun','2017-03-15 09:22:53',0,0,NULL,0,0,0,NULL,'2017-03-15 09:22:53','JAVA','게시판 제목입니다.'),
	(941,'게시물 내용입니다.','SeolHun','2017-03-15 09:22:53',0,0,NULL,0,0,0,NULL,'2017-03-15 09:22:53','SPRING','게시판 제목입니다.'),
	(942,'게시물 내용입니다.','SeolHun','2017-03-15 09:22:53',0,0,NULL,0,0,0,NULL,'2017-03-15 09:22:53','JAVASCRIPT','게시판 제목입니다.'),
	(943,'게시물 내용입니다.','SeolHun','2017-03-15 09:22:53',0,0,NULL,0,0,0,NULL,'2017-03-15 09:22:53','ANGULAR','게시판 제목입니다.'),
	(944,'게시물 내용입니다.','SeolHun','2017-03-15 09:22:53',0,0,NULL,0,0,0,NULL,'2017-03-15 09:22:53','LINUX','게시판 제목입니다.'),
	(945,'게시물 내용입니다.','SeolHun','2017-03-15 09:22:53',0,0,NULL,0,0,0,NULL,'2017-03-15 09:22:53','DB','게시판 제목입니다.'),
	(946,'게시물 내용입니다.','SeolHun','2017-03-15 09:22:53',0,0,NULL,0,0,0,NULL,'2017-03-15 09:22:53','MAC','게시판 제목입니다.'),
	(947,'게시물 내용입니다.','SeolHun','2017-03-15 09:22:53',0,0,NULL,0,0,0,NULL,'2017-03-15 09:22:53','JAVA','게시판 제목입니다.'),
	(948,'게시물 내용입니다.','SeolHun','2017-03-15 09:22:53',0,0,NULL,0,0,0,NULL,'2017-03-15 09:22:53','SPRING','게시판 제목입니다.'),
	(949,'게시물 내용입니다.','SeolHun','2017-03-15 09:22:53',0,0,NULL,0,0,0,NULL,'2017-03-15 09:22:53','JAVASCRIPT','게시판 제목입니다.'),
	(950,'게시물 내용입니다.','SeolHun','2017-03-15 09:22:53',0,0,NULL,0,0,0,NULL,'2017-03-15 09:22:53','ANGULAR','게시판 제목입니다.'),
	(951,'게시물 내용입니다.','SeolHun','2017-03-15 09:22:53',0,0,NULL,0,0,0,NULL,'2017-03-15 09:22:53','LINUX','게시판 제목입니다.'),
	(952,'게시물 내용입니다.','SeolHun','2017-03-15 09:22:53',0,0,NULL,0,0,0,NULL,'2017-03-15 09:22:53','DB','게시판 제목입니다.'),
	(953,'게시물 내용입니다.','SeolHun','2017-03-15 09:22:53',0,0,NULL,0,0,0,NULL,'2017-03-15 09:22:53','MAC','게시판 제목입니다.'),
	(954,'게시물 내용입니다.','SeolHun','2017-03-15 09:22:53',0,0,NULL,0,0,0,NULL,'2017-03-15 09:22:53','JAVA','게시판 제목입니다.'),
	(955,'게시물 내용입니다.','SeolHun','2017-03-15 09:22:53',0,0,NULL,0,0,0,NULL,'2017-03-15 09:22:53','SPRING','게시판 제목입니다.'),
	(956,'게시물 내용입니다.','SeolHun','2017-03-15 09:22:53',0,0,NULL,0,0,0,NULL,'2017-03-15 09:22:53','JAVASCRIPT','게시판 제목입니다.'),
	(957,'게시물 내용입니다.','SeolHun','2017-03-15 09:22:53',0,0,NULL,0,0,0,NULL,'2017-03-15 09:22:53','ANGULAR','게시판 제목입니다.'),
	(958,'게시물 내용입니다.','SeolHun','2017-03-15 09:22:53',0,0,NULL,0,0,0,NULL,'2017-03-15 09:22:53','LINUX','게시판 제목입니다.'),
	(959,'게시물 내용입니다.','SeolHun','2017-03-15 09:22:53',0,0,NULL,0,0,0,NULL,'2017-03-15 09:22:53','DB','게시판 제목입니다.'),
	(960,'게시물 내용입니다.','SeolHun','2017-03-15 09:22:53',0,0,NULL,0,0,0,NULL,'2017-03-15 09:22:53','MAC','게시판 제목입니다.'),
	(961,'게시물 내용입니다.','SeolHun','2017-03-15 09:22:53',0,0,NULL,0,0,0,NULL,'2017-03-15 09:22:53','JAVA','게시판 제목입니다.'),
	(962,'게시물 내용입니다.','SeolHun','2017-03-15 09:22:53',0,0,NULL,0,0,0,NULL,'2017-03-15 09:22:53','SPRING','게시판 제목입니다.'),
	(963,'게시물 내용입니다.','SeolHun','2017-03-15 09:22:53',0,0,NULL,0,0,0,NULL,'2017-03-15 09:22:53','JAVASCRIPT','게시판 제목입니다.'),
	(964,'게시물 내용입니다.','SeolHun','2017-03-15 09:22:53',0,0,NULL,0,0,0,NULL,'2017-03-15 09:22:53','ANGULAR','게시판 제목입니다.'),
	(965,'게시물 내용입니다.','SeolHun','2017-03-15 09:22:53',0,0,NULL,0,0,0,NULL,'2017-03-15 09:22:53','LINUX','게시판 제목입니다.'),
	(966,'게시물 내용입니다.','SeolHun','2017-03-15 09:22:53',0,0,NULL,0,0,0,NULL,'2017-03-15 09:22:53','DB','게시판 제목입니다.'),
	(967,'게시물 내용입니다.','SeolHun','2017-03-15 09:22:53',0,0,NULL,0,0,0,NULL,'2017-03-15 09:22:53','MAC','게시판 제목입니다.'),
	(968,'게시물 내용입니다.','SeolHun','2017-03-15 09:22:53',0,0,NULL,0,0,0,NULL,'2017-03-15 09:22:53','JAVA','게시판 제목입니다.'),
	(969,'게시물 내용입니다.','SeolHun','2017-03-15 09:22:53',0,0,NULL,0,0,0,NULL,'2017-03-15 09:22:53','SPRING','게시판 제목입니다.'),
	(970,'게시물 내용입니다.','SeolHun','2017-03-15 09:22:53',0,0,NULL,0,0,0,NULL,'2017-03-15 09:22:53','JAVASCRIPT','게시판 제목입니다.'),
	(971,'게시물 내용입니다.','SeolHun','2017-03-15 09:22:53',0,0,NULL,0,0,0,NULL,'2017-03-15 09:22:53','ANGULAR','게시판 제목입니다.'),
	(972,'게시물 내용입니다.','SeolHun','2017-03-15 09:22:53',0,0,NULL,0,0,0,NULL,'2017-03-15 09:22:53','LINUX','게시판 제목입니다.'),
	(973,'게시물 내용입니다.','SeolHun','2017-03-15 09:22:53',0,0,NULL,0,0,0,NULL,'2017-03-15 09:22:53','DB','게시판 제목입니다.'),
	(974,'게시물 내용입니다.','SeolHun','2017-03-15 09:22:53',0,0,NULL,0,0,0,NULL,'2017-03-15 09:22:53','MAC','게시판 제목입니다.'),
	(975,'게시물 내용입니다.','SeolHun','2017-03-15 09:22:53',0,0,NULL,0,0,0,NULL,'2017-03-15 09:22:53','JAVA','게시판 제목입니다.'),
	(976,'게시물 내용입니다.','SeolHun','2017-03-15 09:22:53',0,0,NULL,0,0,0,NULL,'2017-03-15 09:22:53','SPRING','게시판 제목입니다.'),
	(977,'게시물 내용입니다.','SeolHun','2017-03-15 09:22:53',0,0,NULL,0,0,0,NULL,'2017-03-15 09:22:53','JAVASCRIPT','게시판 제목입니다.'),
	(978,'게시물 내용입니다.','SeolHun','2017-03-15 09:22:53',0,0,NULL,0,0,0,NULL,'2017-03-15 09:22:53','ANGULAR','게시판 제목입니다.'),
	(979,'게시물 내용입니다.','SeolHun','2017-03-15 09:22:53',0,0,NULL,0,0,0,NULL,'2017-03-15 09:22:53','LINUX','게시판 제목입니다.'),
	(980,'게시물 내용입니다.','SeolHun','2017-03-15 09:22:53',0,0,NULL,0,0,0,NULL,'2017-03-15 09:22:53','DB','게시판 제목입니다.'),
	(981,'게시물 내용입니다.','SeolHun','2017-03-15 09:22:53',0,0,NULL,0,0,0,NULL,'2017-03-15 09:22:53','MAC','게시판 제목입니다.'),
	(982,'게시물 내용입니다.','SeolHun','2017-03-15 09:22:53',0,0,NULL,0,0,0,NULL,'2017-03-15 09:22:53','JAVA','게시판 제목입니다.'),
	(983,'게시물 내용입니다.','SeolHun','2017-03-15 09:22:53',0,0,NULL,0,0,0,NULL,'2017-03-15 09:22:53','SPRING','게시판 제목입니다.'),
	(984,'게시물 내용입니다.','SeolHun','2017-03-15 09:22:53',0,0,NULL,0,0,0,NULL,'2017-03-15 09:22:53','JAVASCRIPT','게시판 제목입니다.'),
	(985,'게시물 내용입니다.','SeolHun','2017-03-15 09:22:53',0,0,NULL,0,0,0,NULL,'2017-03-15 09:22:53','ANGULAR','게시판 제목입니다.'),
	(986,'게시물 내용입니다.','SeolHun','2017-03-15 09:22:53',0,0,NULL,0,0,0,NULL,'2017-03-15 09:22:53','LINUX','게시판 제목입니다.'),
	(987,'게시물 내용입니다.','SeolHun','2017-03-15 09:22:53',0,0,NULL,0,0,0,NULL,'2017-03-15 09:22:53','DB','게시판 제목입니다.'),
	(988,'게시물 내용입니다.','SeolHun','2017-03-15 09:22:53',0,0,NULL,0,0,0,NULL,'2017-03-15 09:22:53','MAC','게시판 제목입니다.'),
	(989,'게시물 내용입니다.','SeolHun','2017-03-15 09:22:53',0,0,NULL,0,0,0,NULL,'2017-03-15 09:22:53','JAVA','게시판 제목입니다.'),
	(990,'게시물 내용입니다.','SeolHun','2017-03-15 09:22:53',0,0,NULL,0,0,0,NULL,'2017-03-15 09:22:53','SPRING','게시판 제목입니다.'),
	(991,'게시물 내용입니다.','SeolHun','2017-03-15 09:22:53',0,0,NULL,0,0,0,NULL,'2017-03-15 09:22:53','JAVASCRIPT','게시판 제목입니다.'),
	(992,'게시물 내용입니다.','SeolHun','2017-03-15 09:22:53',0,0,NULL,0,0,0,NULL,'2017-03-15 09:22:53','ANGULAR','게시판 제목입니다.'),
	(993,'게시물 내용입니다.','SeolHun','2017-03-15 09:22:53',0,0,NULL,0,0,0,NULL,'2017-03-15 09:22:53','LINUX','게시판 제목입니다.'),
	(994,'게시물 내용입니다.','SeolHun','2017-03-15 09:22:53',0,0,NULL,0,0,0,NULL,'2017-03-15 09:22:53','DB','게시판 제목입니다.'),
	(995,'게시물 내용입니다.','SeolHun','2017-03-15 09:22:53',0,0,NULL,0,0,0,NULL,'2017-03-15 09:22:53','MAC','게시판 제목입니다.'),
	(996,'게시물 내용입니다.','SeolHun','2017-03-15 09:22:53',0,0,NULL,0,0,0,NULL,'2017-03-15 09:22:53','JAVA','게시판 제목입니다.'),
	(997,'게시물 내용입니다.','SeolHun','2017-03-15 09:22:53',0,0,NULL,0,0,0,NULL,'2017-03-15 09:22:53','SPRING','게시판 제목입니다.'),
	(998,'게시물 내용입니다.','SeolHun','2017-03-15 09:22:53',0,0,NULL,0,0,0,NULL,'2017-03-15 09:22:53','JAVASCRIPT','게시판 제목입니다.'),
	(999,'게시물 내용입니다.','SeolHun','2017-03-15 09:22:53',0,0,NULL,0,0,0,NULL,'2017-03-15 09:22:53','ANGULAR','게시판 제목입니다.'),
	(1000,'게시물 내용입니다.','SeolHun','2017-03-15 09:22:53',0,0,NULL,0,0,0,NULL,'2017-03-15 09:22:53','LINUX','게시판 제목입니다.'),
	(1001,'게시물 내용입니다.','SeolHun','2017-03-15 09:22:53',0,0,NULL,0,0,0,NULL,'2017-03-15 09:22:53','DB','게시판 제목입니다.'),
	(1002,'게시물 내용입니다.','SeolHun','2017-03-15 09:22:53',0,0,NULL,0,0,0,NULL,'2017-03-15 09:22:53','MAC','게시판 제목입니다.'),
	(1003,'게시물 내용입니다.','SeolHun','2017-03-15 09:22:53',0,0,NULL,0,0,0,NULL,'2017-03-15 09:22:53','JAVA','게시판 제목입니다.'),
	(1004,'게시물 내용입니다.','SeolHun','2017-03-15 09:22:53',0,0,NULL,0,0,0,NULL,'2017-03-15 09:22:53','SPRING','게시판 제목입니다.'),
	(1005,'게시물 내용입니다.','SeolHun','2017-03-15 09:22:53',0,0,NULL,0,0,0,NULL,'2017-03-15 09:22:53','JAVASCRIPT','게시판 제목입니다.'),
	(1006,'게시물 내용입니다.','SeolHun','2017-03-15 09:22:53',0,0,NULL,0,0,0,NULL,'2017-03-15 09:22:53','ANGULAR','게시판 제목입니다.'),
	(1007,'게시물 내용입니다.','SeolHun','2017-03-15 09:22:53',0,0,NULL,0,0,0,NULL,'2017-03-15 09:22:53','LINUX','게시판 제목입니다.'),
	(1008,'게시물 내용입니다.','SeolHun','2017-03-15 09:22:53',0,0,NULL,0,0,0,NULL,'2017-03-15 09:22:53','DB','게시판 제목입니다.'),
	(1009,'게시물 내용입니다.','SeolHun','2017-03-15 09:22:53',0,0,NULL,0,0,0,NULL,'2017-03-15 09:22:53','MAC','게시판 제목입니다.'),
	(1010,'게시물 내용입니다.','SeolHun','2017-03-15 09:22:53',0,0,NULL,0,0,0,NULL,'2017-03-15 09:22:53','JAVA','게시판 제목입니다.'),
	(1011,'게시물 내용입니다.','SeolHun','2017-03-15 09:22:53',0,0,NULL,0,0,0,NULL,'2017-03-15 09:22:53','SPRING','게시판 제목입니다.'),
	(1012,'게시물 내용입니다.','SeolHun','2017-03-15 09:22:53',0,0,NULL,0,0,0,NULL,'2017-03-15 09:22:53','JAVASCRIPT','게시판 제목입니다.'),
	(1013,'게시물 내용입니다.','SeolHun','2017-03-15 09:22:53',0,0,NULL,0,0,0,NULL,'2017-03-15 09:22:53','ANGULAR','게시판 제목입니다.'),
	(1014,'게시물 내용입니다.','SeolHun','2017-03-15 09:22:53',0,0,NULL,0,0,0,NULL,'2017-03-15 09:22:53','LINUX','게시판 제목입니다.'),
	(1015,'게시물 내용입니다.','SeolHun','2017-03-15 09:22:53',0,0,NULL,0,0,0,NULL,'2017-03-15 09:22:53','DB','게시판 제목입니다.'),
	(1016,'게시물 내용입니다.','SeolHun','2017-03-15 09:22:53',0,0,NULL,0,0,0,NULL,'2017-03-15 09:22:53','MAC','게시판 제목입니다.'),
	(1017,'게시물 내용입니다.','SeolHun','2017-03-15 09:22:53',0,0,NULL,0,0,0,NULL,'2017-03-15 09:22:53','JAVA','게시판 제목입니다.'),
	(1018,'게시물 내용입니다.','SeolHun','2017-03-15 09:22:53',0,0,NULL,0,0,0,NULL,'2017-03-15 09:22:53','SPRING','게시판 제목입니다.'),
	(1019,'게시물 내용입니다.','SeolHun','2017-03-15 09:22:53',0,0,NULL,0,0,0,NULL,'2017-03-15 09:22:53','JAVASCRIPT','게시판 제목입니다.'),
	(1020,'게시물 내용입니다.','SeolHun','2017-03-15 09:22:53',0,0,NULL,0,0,0,NULL,'2017-03-15 09:22:53','ANGULAR','게시판 제목입니다.'),
	(1021,'게시물 내용입니다.','SeolHun','2017-03-15 09:22:53',0,0,NULL,0,0,0,NULL,'2017-03-15 09:22:53','LINUX','게시판 제목입니다.'),
	(1022,'게시물 내용입니다.','SeolHun','2017-03-15 09:22:53',0,0,NULL,0,0,0,NULL,'2017-03-15 09:22:53','DB','게시판 제목입니다.'),
	(1023,'게시물 내용입니다.','SeolHun','2017-03-15 09:22:53',0,0,NULL,0,0,0,NULL,'2017-03-15 09:22:53','MAC','게시판 제목입니다.'),
	(1024,'게시물 내용입니다.','SeolHun','2017-03-15 09:22:53',0,0,NULL,0,0,0,NULL,'2017-03-15 09:22:53','JAVA','게시판 제목입니다.'),
	(1025,'게시물 내용입니다.','SeolHun','2017-03-15 09:22:53',0,0,NULL,0,0,0,NULL,'2017-03-15 09:22:53','SPRING','게시판 제목입니다.'),
	(1026,'게시물 내용입니다.','SeolHun','2017-03-15 09:22:53',0,0,NULL,0,0,0,NULL,'2017-03-15 09:22:53','JAVASCRIPT','게시판 제목입니다.'),
	(1027,'게시물 내용입니다.','SeolHun','2017-03-15 09:22:53',0,0,NULL,0,0,0,NULL,'2017-03-15 09:22:53','ANGULAR','게시판 제목입니다.'),
	(1028,'게시물 내용입니다.','SeolHun','2017-03-15 09:22:53',0,0,NULL,0,0,0,NULL,'2017-03-15 09:22:53','LINUX','게시판 제목입니다.'),
	(1029,'게시물 내용입니다.','SeolHun','2017-03-15 09:22:53',0,0,NULL,0,0,0,NULL,'2017-03-15 09:22:53','DB','게시판 제목입니다.'),
	(1030,'게시물 내용입니다.','SeolHun','2017-03-15 09:22:53',0,0,NULL,0,0,0,NULL,'2017-03-15 09:22:53','MAC','게시판 제목입니다.'),
	(1031,'게시물 내용입니다.','SeolHun','2017-03-15 09:22:53',0,0,NULL,0,0,0,NULL,'2017-03-15 09:22:53','JAVA','게시판 제목입니다.'),
	(1032,'게시물 내용입니다.','SeolHun','2017-03-15 09:22:53',0,0,NULL,0,0,0,NULL,'2017-03-15 09:22:53','SPRING','게시판 제목입니다.'),
	(1033,'게시물 내용입니다.','SeolHun','2017-03-15 09:22:53',0,0,NULL,0,0,0,NULL,'2017-03-15 09:22:53','JAVASCRIPT','게시판 제목입니다.'),
	(1034,'게시물 내용입니다.','SeolHun','2017-03-15 09:22:53',0,0,NULL,0,0,0,NULL,'2017-03-15 09:22:53','ANGULAR','게시판 제목입니다.'),
	(1035,'게시물 내용입니다.','SeolHun','2017-03-15 09:22:53',0,0,NULL,0,0,0,NULL,'2017-03-15 09:22:53','LINUX','게시판 제목입니다.'),
	(1036,'게시물 내용입니다.','SeolHun','2017-03-15 09:22:53',0,0,NULL,0,0,0,NULL,'2017-03-15 09:22:53','DB','게시판 제목입니다.'),
	(1037,'게시물 내용입니다.','SeolHun','2017-03-15 09:22:53',0,0,NULL,0,0,0,NULL,'2017-03-15 09:22:53','MAC','게시판 제목입니다.'),
	(1038,'게시물 내용입니다.','SeolHun','2017-03-15 09:22:53',0,0,NULL,0,0,0,NULL,'2017-03-15 09:22:53','JAVA','게시판 제목입니다.'),
	(1039,'게시물 내용입니다.','SeolHun','2017-03-15 09:22:53',0,0,NULL,0,0,0,NULL,'2017-03-15 09:22:53','SPRING','게시판 제목입니다.'),
	(1040,'게시물 내용입니다.','SeolHun','2017-03-15 09:22:53',0,0,NULL,0,0,0,NULL,'2017-03-15 09:22:53','JAVASCRIPT','게시판 제목입니다.'),
	(1041,'게시물 내용입니다.','SeolHun','2017-03-15 09:22:53',0,0,NULL,0,0,0,NULL,'2017-03-15 09:22:53','ANGULAR','게시판 제목입니다.'),
	(1042,'게시물 내용입니다.','SeolHun','2017-03-15 09:22:53',0,0,NULL,0,0,0,NULL,'2017-03-15 09:22:53','LINUX','게시판 제목입니다.'),
	(1043,'게시물 내용입니다.','SeolHun','2017-03-15 09:22:53',0,0,NULL,0,0,0,NULL,'2017-03-15 09:22:53','DB','게시판 제목입니다.'),
	(1044,'게시물 내용입니다.','SeolHun','2017-03-15 09:22:53',0,0,NULL,0,0,0,NULL,'2017-03-15 09:22:53','MAC','게시판 제목입니다.'),
	(1045,'게시물 내용입니다.','SeolHun','2017-03-15 09:22:53',0,0,NULL,0,0,0,NULL,'2017-03-15 09:22:53','JAVA','게시판 제목입니다.'),
	(1046,'게시물 내용입니다.','SeolHun','2017-03-15 09:22:53',0,0,NULL,0,0,0,NULL,'2017-03-15 09:22:53','SPRING','게시판 제목입니다.'),
	(1047,'게시물 내용입니다.','SeolHun','2017-03-15 09:22:53',0,0,NULL,0,0,0,NULL,'2017-03-15 09:22:53','JAVASCRIPT','게시판 제목입니다.'),
	(1048,'게시물 내용입니다.','SeolHun','2017-03-15 09:22:53',0,0,NULL,0,0,0,NULL,'2017-03-15 09:22:53','ANGULAR','게시판 제목입니다.'),
	(1049,'게시물 내용입니다.','SeolHun','2017-03-15 09:22:53',0,0,NULL,0,0,0,NULL,'2017-03-15 09:22:53','LINUX','게시판 제목입니다.'),
	(1050,'게시물 내용입니다.','SeolHun','2017-03-15 09:22:53',0,0,NULL,0,0,0,NULL,'2017-03-15 09:22:53','DB','게시판 제목입니다.'),
	(1051,'게시물 내용입니다.','SeolHun','2017-03-15 09:22:53',0,0,NULL,0,0,0,NULL,'2017-03-15 09:22:53','MAC','게시판 제목입니다.'),
	(1052,'게시물 내용입니다.','SeolHun','2017-03-15 09:22:53',0,0,NULL,0,0,0,NULL,'2017-03-15 09:22:53','JAVA','게시판 제목입니다.'),
	(1053,'게시물 내용입니다.','SeolHun','2017-03-15 09:22:53',0,0,NULL,0,0,0,NULL,'2017-03-15 09:22:53','SPRING','게시판 제목입니다.'),
	(1054,'게시물 내용입니다.','SeolHun','2017-03-15 09:22:53',0,0,NULL,0,0,0,NULL,'2017-03-15 09:22:53','JAVASCRIPT','게시판 제목입니다.'),
	(1055,'게시물 내용입니다.','SeolHun','2017-03-15 09:22:53',0,0,NULL,0,0,0,NULL,'2017-03-15 09:22:53','ANGULAR','게시판 제목입니다.'),
	(1056,'게시물 내용입니다.','SeolHun','2017-03-15 09:22:53',0,0,NULL,0,0,0,NULL,'2017-03-15 09:22:53','LINUX','게시판 제목입니다.'),
	(1057,'게시물 내용입니다.','SeolHun','2017-03-15 09:22:53',0,0,NULL,0,0,0,NULL,'2017-03-15 09:22:53','DB','게시판 제목입니다.'),
	(1058,'게시물 내용입니다.','SeolHun','2017-03-15 09:22:53',0,0,NULL,0,0,0,NULL,'2017-03-15 09:22:53','MAC','게시판 제목입니다.'),
	(1059,'게시물 내용입니다.','SeolHun','2017-03-15 09:22:53',0,0,NULL,0,0,0,NULL,'2017-03-15 09:22:53','JAVA','게시판 제목입니다.'),
	(1060,'게시물 내용입니다.','SeolHun','2017-03-15 09:22:53',0,0,NULL,0,0,0,NULL,'2017-03-15 09:22:53','SPRING','게시판 제목입니다.'),
	(1061,'게시물 내용입니다.','SeolHun','2017-03-15 09:22:53',0,0,NULL,0,0,0,NULL,'2017-03-15 09:22:53','JAVASCRIPT','게시판 제목입니다.'),
	(1062,'게시물 내용입니다.','SeolHun','2017-03-15 09:22:53',0,0,NULL,1,0,0,NULL,'2017-03-16 13:49:38','ANGULAR','게시판 제목입니다.'),
	(1063,'게시물 내용입니다.','SeolHun','2017-03-15 09:22:53',0,0,NULL,0,0,0,NULL,'2017-03-15 09:22:53','LINUX','게시판 제목입니다.'),
	(1064,'게시물 내용입니다.','SeolHun','2017-03-15 09:22:53',0,0,NULL,0,0,0,NULL,'2017-03-15 09:22:53','DB','게시판 제목입니다.'),
	(1065,'게시물 내용입니다.','SeolHun','2017-03-15 09:22:53',0,0,NULL,1,0,0,NULL,'2017-03-16 13:19:04','MAC','게시판 제목입니다.'),
	(1066,'<p>dsadsadsa</p>','2222','2017-03-15 11:34:15',0,0,'NOTICE',1,NULL,0,NULL,'2017-03-16 13:18:17','JAVA','dsadas'),
	(1067,'<p>ㅇㅁㄴㅇㅁㄴㅇㅁㄴ</p>','2222','2017-03-16 13:20:34',0,0,'NOTICE',1,NULL,0,NULL,'2017-03-16 13:20:40','JAVA','ㅇㅁㄴㅁㅇㅁㄴㅇㄴㅁ'),
	(1068,'<p>dsadsadas</p>','2222','2017-03-16 14:23:59',0,0,'NOTICE',1,NULL,0,NULL,'2017-03-16 14:24:03','JAVA','dsadasdsa'),
	(1069,'<p>fdsafads</p>','2222','2017-03-16 14:25:53',0,0,'NOTICE',1,NULL,0,NULL,'2017-03-16 14:25:58','JAVA','fasdfads'),
	(1070,'<p><span style=\"background-color: rgb(255, 255, 0);\">dsafdasfsadfsadfasa</span></p><p><span style=\"background-color: rgb(255, 255, 0);\"><br></span></p><p><span style=\"background-color: rgb(255, 255, 0);\">fdafdasfas<font color=\"#73a5ad\">fdsafdasfaddas</font></span></p>','2222','2017-03-17 08:51:25',0,0,'NOTICE',0,NULL,0,NULL,'2017-03-17 08:51:25','JAVA','fdsafdsafsadf'),
	(1071,'<p>\r\n\r\n\r\n\r\n\r\n<style type=\"text/css\">\r\np.p1 {margin: 0.0px 0.0px 0.0px 0.0px; font: 14.0px Monaco}\r\n</style>\r\n\r\n\r\n</p><p class=\"p1\">e.printStackTrace();e.printStackTrace();</p>\r\n\r\n\r\n\r\n\r\n<style type=\"text/css\">\r\np.p1 {margin: 0.0px 0.0px 0.0px 0.0px; font: 14.0px Monaco}\r\n</style>\r\n\r\n\r\n','2222','2017-03-17 08:57:31',0,0,'NOTICE',0,NULL,0,NULL,'2017-03-17 08:57:31','JAVA','e.printStackTrace();e.printStackTrace();'),
	(1072,'<p>vcxzvcxzvcxzvzxc</p>','2222','2017-03-17 09:06:23',0,0,'NOTICE',0,NULL,0,NULL,'2017-03-17 09:06:23','JAVA','vxzzxcvzx'),
	(1073,'<p>dsadasdas</p>','2222','2017-03-17 09:14:28',0,0,'NOTICE',0,NULL,0,NULL,'2017-03-17 09:14:28','JAVA','dsadas'),
	(1074,'<p>dsadasdasfdsa</p>','2222','2017-03-17 09:16:13',0,0,'NOTICE',1,NULL,0,NULL,'2017-03-17 09:41:51','JAVA','dsadas'),
	(1075,'<p>dsadasdsa</p>','2222','2017-03-17 09:16:34',0,0,'NOTICE',0,NULL,0,NULL,'2017-03-17 09:16:34','JAVA','dasdas'),
	(1076,'<p>\r\n\r\n\r\n\r\n\r\n<style type=\"text/css\">\r\np.p1 {margin: 0.0px 0.0px 0.0px 0.0px; font: 14.0px Monaco; color: #3933ff}\r\nspan.s1 {color: #931a68}\r\nspan.s2 {color: #000000}\r\nspan.s3 {color: #0326cc}\r\n</style>\r\n\r\n\r\n</p><p class=\"p1\"><span class=\"s1\">private</span><span class=\"s2\"> </span><span class=\"s1\">static</span><span class=\"s2\"> </span><span class=\"s1\">final</span><span class=\"s2\"> String </span><span class=\"s3\">FILE_PATH</span><span class=\"s2\">=</span>\"/Users/HunSeol/Desktop/project/shooney/file/\"<span class=\"s2\">;</span></p>','2222','2017-03-17 09:19:56',0,0,'NOTICE',0,NULL,0,NULL,'2017-03-17 09:19:56','JAVA','private static final String FILE_PATH=\"/Users/HunSeol/Desktop/project/shooney/file/\";'),
	(1077,'<p>\r\n\r\n\r\n\r\n\r\n<style type=\"text/css\">\r\np.p1 {margin: 0.0px 0.0px 0.0px 0.0px; font: 14.0px Monaco; color: #3933ff}\r\nspan.s1 {color: #931a68}\r\nspan.s2 {color: #000000}\r\nspan.s3 {color: #0326cc}\r\n</style>\r\n\r\n\r\n</p><p class=\"p1\"><span class=\"s1\">private</span><span class=\"s2\"> </span><span class=\"s1\">static</span><span class=\"s2\"> </span><span class=\"s1\">final</span><span class=\"s2\"> String </span><span class=\"s3\">FILE_PATH</span><span class=\"s2\">=</span>\"/Users/HunSeol/Desktop/project/shooney/file/\"<span class=\"s2\">;</span></p>','2222','2017-03-17 09:21:10',0,0,'NOTICE',0,NULL,0,NULL,'2017-03-17 09:21:10','JAVA','private static final String FILE_PATH=\"/Users/HunSeol/Desktop/project/shooney/file/\";'),
	(1078,'<p>fdsafdasfasdfdas</p>','2222','2017-03-17 09:22:56',0,0,'NOTICE',0,NULL,0,NULL,'2017-03-17 09:22:56','JAVA','fdsafdasfads'),
	(1079,'<p>fdsafdasfasdfdas</p>','2222','2017-03-17 09:27:06',0,0,'NOTICE',0,NULL,0,NULL,'2017-03-17 09:27:06','JAVA','fdsafdasfads'),
	(1080,'<p>fdsafdasfasdfdas</p>','2222','2017-03-17 09:27:06',0,0,'NOTICE',0,NULL,0,NULL,'2017-03-17 09:27:06','JAVA','fdsafdasfads'),
	(1081,'<p>fdsafdasfasdfdas</p>','2222','2017-03-17 09:35:35',0,0,'NOTICE',2,NULL,0,NULL,'2017-03-31 17:04:44','JAVA','fdsafdasfads'),
	(1082,'<p>fdsafasdfsdafsa</p>','2222','2017-03-17 09:42:16',0,0,'NOTICE',4,NULL,0,NULL,'2017-03-28 19:50:44','JAVA','fdasfasdfdas'),
	(1083,'<p>한글이 왜 안될까?~<br></p>','2222','2017-03-30 08:52:24',0,0,'NOTICE',1,NULL,0,NULL,'2017-03-31 16:29:38','JAVA','한글이 왜 안될까?~');

/*!40000 ALTER TABLE `TB_BLOG` ENABLE KEYS */;
UNLOCK TABLES;


# Dump of table TB_COMMENT
# ------------------------------------------------------------

DROP TABLE IF EXISTS `TB_COMMENT`;

CREATE TABLE `TB_COMMENT` (
  `COMMENT_ID` bigint(20) NOT NULL AUTO_INCREMENT,
  `COMMENT_BLOG_ID` bigint(20) NOT NULL,
  `COMMENT_CREATED_BY` varchar(60) NOT NULL,
  `COMMENT_MODIFIED_BY` varchar(60) DEFAULT NULL,
  `COMMENT_CONTENT` longtext NOT NULL,
  `COMMENT_CREATED_DATE` datetime DEFAULT NULL,
  `COMMENT_DELCHECK` int(11) NOT NULL,
  `COMMENT_LIKES` int(11) DEFAULT NULL,
  `COMMENT_MODIFIED_DATE` datetime DEFAULT NULL,
  PRIMARY KEY (`COMMENT_ID`),
  KEY `COMMENT_BOARD_FK` (`COMMENT_BLOG_ID`),
  CONSTRAINT `COMMENT_BOARD_FK` FOREIGN KEY (`COMMENT_BLOG_ID`) REFERENCES `tb_blog` (`BLOG_ID`)
) ENGINE=InnoDB DEFAULT CHARSET=utf8;



# Dump of table TB_FILE_DATA
# ------------------------------------------------------------

DROP TABLE IF EXISTS `TB_FILE_DATA`;

CREATE TABLE `TB_FILE_DATA` (
  `FILE_ID` bigint(20) NOT NULL AUTO_INCREMENT,
  `FILE_BLOG_ID` bigint(20) NOT NULL,
  `FILE_SAVED_NAME` varchar(200) NOT NULL,
  `FILE_SAVED_PATH` varchar(200) NOT NULL,
  `FILE_ORIGIN_NAME` varchar(100) NOT NULL,
  `FILE_SIZE` bigint(20) NOT NULL,
  `FILE_TYPE` varchar(20) NOT NULL,
  `FILE_CREATED_DATE` datetime DEFAULT NULL,
  `FILE_CREATED_BY` varchar(60) NOT NULL,
  `FILE_MODIFIED_DATE` datetime DEFAULT NULL,
  `FILE_MODIFIED_BY` varchar(60) DEFAULT NULL,
  `FILE_DELCHECK` int(11) NOT NULL,
  PRIMARY KEY (`FILE_ID`),
  KEY `FILE_BOARD_FK` (`FILE_BLOG_ID`),
  CONSTRAINT `FILE_BOARD_FK` FOREIGN KEY (`FILE_BLOG_ID`) REFERENCES `tb_blog` (`BLOG_ID`)
) ENGINE=InnoDB DEFAULT CHARSET=utf8;

LOCK TABLES `TB_FILE_DATA` WRITE;
/*!40000 ALTER TABLE `TB_FILE_DATA` DISABLE KEYS */;

INSERT INTO `TB_FILE_DATA` (`FILE_ID`, `FILE_BLOG_ID`, `FILE_SAVED_NAME`, `FILE_SAVED_PATH`, `FILE_ORIGIN_NAME`, `FILE_SIZE`, `FILE_TYPE`, `FILE_CREATED_DATE`, `FILE_CREATED_BY`, `FILE_MODIFIED_DATE`, `FILE_MODIFIED_BY`, `FILE_DELCHECK`)
VALUES
	(1,1067,'60b79774559a4c55908aa21487f43616.mp3','/Users/hunseol/Desktop/project/shooney/file/','01 Ritual (feat. Wrabel).mp3',9645257,'audio/mp3','2017-03-16 13:20:35','2222','2017-03-16 13:20:35',NULL,0),
	(2,1068,'8e9181b0a1b54c628e10a7a53b1449d3.mp3','/Users/hunseol/Desktop/project/shooney/file/','01 Ritual (feat. Wrabel).mp3',9645257,'audio/mp3','2017-03-16 14:23:59','2222','2017-03-16 14:23:59',NULL,0),
	(3,1069,'b77facd740564c87a25665d03efaed87.mp3','/Users/hunseol/Desktop/project/shooney/file/','01 Ritual (feat. Wrabel).mp3',9645257,'audio/mp3','2017-03-16 14:25:53','2222','2017-03-16 14:25:53',NULL,0),
	(4,1070,'ecbb2f7fd8384995be5ca6c97b2dc7e5.mp3','/Users/HunSeol/Desktop/project/shooney/file/','b77facd740564c87a25665d03efaed87.mp3',9645257,'audio/mp3','2017-03-17 08:51:25','2222','2017-03-17 08:51:25',NULL,0),
	(5,1072,'8e7aaecb25b64879b41d1aa94da889e9.txt','/Users/HunSeol/Desktop/project/shooney/file/','OVERSEA(2017.02.16).txt',7044,'text/plain','2017-03-17 09:06:23','2222','2017-03-17 09:06:23',NULL,0),
	(6,1073,'.txt','/Users/HunSeol/Desktop/project/shooney/file/','OVERSEA(2017.02.16).txt',7044,'text/plain','2017-03-17 09:14:28','2222','2017-03-17 09:14:28',NULL,0),
	(7,1075,'.txt','/Users/HunSeol/Desktop/project/shooney/file/','OVERSEA(2017.02.16).txt',7044,'text/plain','2017-03-17 09:16:34','2222','2017-03-17 09:16:34',NULL,0),
	(8,1076,'.txt','/Users/hunseol/Desktop/project/shooney/file/','OVERSEA(2017.02.16).txt',7044,'text/plain','2017-03-17 09:19:56','2222','2017-03-17 09:19:56',NULL,0),
	(9,1077,'ca00e1661a82426d928862da92fedfb6.txt','/Users/hunseol/Desktop/project/shooney/file/','OVERSEA(2017.02.16).txt',7044,'text/plain','2017-03-17 09:21:10','2222','2017-03-17 09:21:10',NULL,0),
	(10,1078,'0e5c1a5bff424241a957a2fa6ecfc4e3.txt','/Users/hunseol/Desktop/project/shooney/file/','OVERSEA(2017.02.16).txt',7044,'text/plain','2017-03-17 09:22:56','2222','2017-03-17 09:22:56',NULL,0),
	(11,1079,'c29fdf73d905419eae89af0db7326a89.txt','/Users/hunseol/Desktop/project/shooney/file/','OVERSEA(2017.02.16).txt',7044,'text/plain','2017-03-17 09:27:06','2222','2017-03-17 09:27:06',NULL,0),
	(12,1080,'1a16a5ec72974af8845c11a248f5973a.txt','/Users/hunseol/Desktop/project/shooney/file/','OVERSEA(2017.02.16).txt',7044,'text/plain','2017-03-17 09:27:06','2222','2017-03-17 09:27:06',NULL,0),
	(13,1081,'bc3505d17fcd433090b248f6da52fd27.txt','/Users/hunseol/Desktop/project/shooney/file/','DOMESTIC(2017.01.25).txt',6872,'text/plain','2017-03-17 09:35:35','2222','2017-03-17 09:35:35',NULL,0),
	(14,1081,'519834a93d434ea0b1779b7a2a67a128.txt','/Users/hunseol/Desktop/project/shooney/file/','DOMESTIC(2017.02.16).txt',6603,'text/plain','2017-03-17 09:35:35','2222','2017-03-17 09:35:35',NULL,0),
	(15,1081,'7ad5431359d6463dbf39e9c579594211.txt','/Users/hunseol/Desktop/project/shooney/file/','OVERSEA(2017.01.25).txt',7582,'text/plain','2017-03-17 09:35:35','2222','2017-03-17 09:35:35',NULL,0),
	(16,1081,'4d5830ad7d104fe49fe47766c9999018.txt','/Users/hunseol/Desktop/project/shooney/file/','OVERSEA(2017.02.16).txt',7044,'text/plain','2017-03-17 09:35:35','2222','2017-03-17 09:35:35',NULL,0),
	(17,1082,'38921e1034534f7c8516539d5aaa8b26.mp3','/Users/hunseol/Desktop/project/shooney/file/','[StayHungry]Best_Cars_for_Teens.mp3',743444,'audio/mp3','2017-03-17 09:42:16','2222','2017-03-17 09:42:16',NULL,0),
	(18,1082,'def151bc61034e1d81df3982fa9858b4.mp3','/Users/hunseol/Desktop/project/shooney/file/','[StayHungry]Cellphone_Warnings 1.mp3',880232,'audio/mp3','2017-03-17 09:42:16','2222','2017-03-17 09:42:16',NULL,0),
	(19,1082,'6fbebeda54264a199ac21f9dcee26d51.mp3','/Users/hunseol/Desktop/project/shooney/file/','[StayHungry]Cellphone_Warnings.mp3',880232,'audio/mp3','2017-03-17 09:42:16','2222','2017-03-17 09:42:16',NULL,0),
	(20,1082,'87b2d6aa23cc471399e5b8df1ceb2742.mp3','/Users/hunseol/Desktop/project/shooney/file/','[StayHungry]Changing_the_World_with_Maps 1.mp3',826587,'audio/mp3','2017-03-17 09:42:17','2222','2017-03-17 09:42:17',NULL,0),
	(21,1082,'7e1375eb24c0499a9547d41b53c0f345.mp3','/Users/hunseol/Desktop/project/shooney/file/','[StayHungry]Changing_the_World_with_Maps.mp3',826587,'audio/mp3','2017-03-17 09:42:17','2222','2017-03-17 09:42:17',NULL,0);

/*!40000 ALTER TABLE `TB_FILE_DATA` ENABLE KEYS */;
UNLOCK TABLES;


# Dump of table TB_MUSIC
# ------------------------------------------------------------

DROP TABLE IF EXISTS `TB_MUSIC`;

CREATE TABLE `TB_MUSIC` (
  `MUSIC_ID` bigint(20) NOT NULL AUTO_INCREMENT,
  `MUSIC_CREATED_BY` varchar(60) NOT NULL,
  `MUSIC_MODIFIED_BY` varchar(60) DEFAULT NULL,
  `MUSIC_CREATED_DATE` datetime DEFAULT NULL,
  `MUSIC_DELCHECK` int(11) NOT NULL,
  `MUSIC_IMAGE` varchar(255) NOT NULL,
  `MUSIC_LYRICS` varchar(255) DEFAULT NULL,
  `MUSIC_MODIFIED_DATE` datetime DEFAULT NULL,
  `MUSIC_SINGER` varchar(255) NOT NULL,
  `MUSIC_TITLE` varchar(255) NOT NULL,
  `MUSIC_URL` varchar(255) DEFAULT NULL,
  PRIMARY KEY (`MUSIC_ID`)
) ENGINE=InnoDB DEFAULT CHARSET=utf8;



# Dump of table TB_PERSISTENT_LOGINS
# ------------------------------------------------------------

DROP TABLE IF EXISTS `TB_PERSISTENT_LOGINS`;

CREATE TABLE `TB_PERSISTENT_LOGINS` (
  `PERSISTENT_SERIES` varchar(100) NOT NULL,
  `PERSISTENT_CREATED_DATE` datetime NOT NULL,
  `PERSISTENT_EMAIL` varchar(60) NOT NULL,
  `PERSISTENT_TOKEN` varchar(100) NOT NULL,
  PRIMARY KEY (`PERSISTENT_SERIES`),
  UNIQUE KEY `UK_4elfobbskdy6kt1upjn0r5lyc` (`PERSISTENT_EMAIL`),
  UNIQUE KEY `UK_4ci2ejthiyko7i0u2r2w4o9rg` (`PERSISTENT_TOKEN`)
) ENGINE=InnoDB DEFAULT CHARSET=utf8;

LOCK TABLES `TB_PERSISTENT_LOGINS` WRITE;
/*!40000 ALTER TABLE `TB_PERSISTENT_LOGINS` DISABLE KEYS */;

INSERT INTO `TB_PERSISTENT_LOGINS` (`PERSISTENT_SERIES`, `PERSISTENT_CREATED_DATE`, `PERSISTENT_EMAIL`, `PERSISTENT_TOKEN`)
VALUES
	('xpkNT7OGzGLqbUVqEthTLw==','2017-03-16 14:18:55','shun10114@gmail.com','GjBAc2JVBnU8MhyDDG9ZRw==');

/*!40000 ALTER TABLE `TB_PERSISTENT_LOGINS` ENABLE KEYS */;
UNLOCK TABLES;


# Dump of table TB_USER
# ------------------------------------------------------------

DROP TABLE IF EXISTS `TB_USER`;

CREATE TABLE `TB_USER` (
  `USER_ID` bigint(20) NOT NULL AUTO_INCREMENT,
  `USER_CREATED_DATE` datetime DEFAULT NULL,
  `USER_DELCHECK` int(11) NOT NULL,
  `USER_EMAIL` varchar(60) NOT NULL,
  `USER_LOCKED_AUTH` varchar(100) DEFAULT NULL,
  `USER_MODIFIED_BY` varchar(60) DEFAULT NULL,
  `USER_MODIFIED_DATE` datetime DEFAULT NULL,
  `USER_NICKNAME` varchar(30) NOT NULL,
  `USER_PASSWORD` varchar(100) NOT NULL,
  `USER_RECEIVE_EMAIL` int(11) NOT NULL,
  `USER_STATE` varchar(20) NOT NULL,
  PRIMARY KEY (`USER_ID`),
  UNIQUE KEY `UK_idwnephhbxa1ssgxrodu90pru` (`USER_EMAIL`),
  UNIQUE KEY `UK_24e1ry1dmddo806n2eu664sfx` (`USER_NICKNAME`)
) ENGINE=InnoDB DEFAULT CHARSET=utf8;

LOCK TABLES `TB_USER` WRITE;
/*!40000 ALTER TABLE `TB_USER` DISABLE KEYS */;

INSERT INTO `TB_USER` (`USER_ID`, `USER_CREATED_DATE`, `USER_DELCHECK`, `USER_EMAIL`, `USER_LOCKED_AUTH`, `USER_MODIFIED_BY`, `USER_MODIFIED_DATE`, `USER_NICKNAME`, `USER_PASSWORD`, `USER_RECEIVE_EMAIL`, `USER_STATE`)
VALUES
	(1,'2017-03-14 09:22:23',0,'shun10114@gmail.com',NULL,NULL,'2017-03-15 15:46:04','2222','$2a$10$BAbUl4VdlPNSgmniNsR6lub.jcOaevQ/tfMPA/yDeW037EojZqpdS',0,'ACTIVE'),
	(2,'2017-03-14 11:17:22',0,'shun10114@gmail.co',NULL,NULL,'2017-03-17 09:58:46','22321','$2a$10$eDtfRRIGSKQTnR0k76zQXOmDoTHaEx8nEJL4hGdwcQBIPYO96a83e',0,'ACTIVE'),
	(3,'2017-03-14 16:09:55',0,'cunsangbi@naver.com',NULL,NULL,'2017-03-17 09:58:46','43242342','$2a$10$pJWh6A0WqRDuu1feQs0Nj.KqDeCU6Z23t5Zo5QFS9IneNfflJcDUy',0,'ACTIVE'),
	(7,'2017-03-14 17:35:11',0,'cunsadsangbi@naver.com',NULL,NULL,'2017-03-17 09:58:46','dsa2','$2a$10$03wo0MsL83yBvaJCvNF2S.Mkzjk7qy3RFDwVSJeuEohwxJuVXYjwy',0,'ACTIVE'),
	(9,'2017-03-15 13:37:45',0,'ewqeqw@sdda.com',NULL,NULL,'2017-03-17 09:58:46','ewqcxzzx','$2a$10$KsiUtlzmAY.2j8WJ.QRMBOj9fXLQ8RAB3JTHASoz2n8posGnvAn4K',0,'ACTIVE'),
	(10,'2017-03-15 13:47:36',0,'shun32110114@gmail.com',NULL,NULL,'2017-03-17 09:58:46','vczxvcxz','$2a$10$W6.wbh6OmGEDHF4qg7HT.OKQPEOtE0CKPOmMuhMbN17b05fGFUUzG',0,'ACTIVE'),
	(11,'2017-03-15 14:00:07',0,'sssqda@dafda.com',NULL,NULL,'2017-03-17 09:58:46','2312321312dsa','$2a$10$ZCw67xkkSDIIMD7ho0V0KeV7YUhDxpb9azhArFF/cKD1WxOiIutq2',0,'ACTIVE'),
	(12,'2017-03-15 15:42:30',0,'2222@gmail.com',NULL,NULL,'2017-03-17 09:58:46','dsacxzcxz','$2a$10$cyPQZQBKQyvWpC9ZhQ83IeQu.a7Zs4eWirx208rndJp35Cnet7b2G',0,'ACTIVE'),
	(13,'2017-03-31 15:36:58',0,'cu32nsangbi@naver.com',NULL,NULL,'2017-03-31 15:36:58','3333','$2a$10$OskiGmVB0fFpj/XObM0hde/Iwks/kCY/EWBWeoMXsS2RntuZ0spsW',0,'ACTIVE');

/*!40000 ALTER TABLE `TB_USER` ENABLE KEYS */;
UNLOCK TABLES;


# Dump of table TB_USER_ATTEMPTS
# ------------------------------------------------------------

DROP TABLE IF EXISTS `TB_USER_ATTEMPTS`;

CREATE TABLE `TB_USER_ATTEMPTS` (
  `USER_ATTEMPTS_ID` bigint(20) NOT NULL AUTO_INCREMENT,
  `USER_ATTEMPTS_COUNTS` int(11) NOT NULL,
  `USER_ATTEMPTS_CREATED_DATE` datetime NOT NULL,
  `USER_ATTEMPTS_EMAIL` varchar(60) NOT NULL,
  `USER_ATTEMPTS_LOGIN_IP` varchar(60) DEFAULT NULL,
  `USER_ATTEMPTS_SUCCESS_FLAG` int(11) DEFAULT NULL,
  PRIMARY KEY (`USER_ATTEMPTS_ID`)
) ENGINE=InnoDB DEFAULT CHARSET=utf8;

LOCK TABLES `TB_USER_ATTEMPTS` WRITE;
/*!40000 ALTER TABLE `TB_USER_ATTEMPTS` DISABLE KEYS */;

INSERT INTO `TB_USER_ATTEMPTS` (`USER_ATTEMPTS_ID`, `USER_ATTEMPTS_COUNTS`, `USER_ATTEMPTS_CREATED_DATE`, `USER_ATTEMPTS_EMAIL`, `USER_ATTEMPTS_LOGIN_IP`, `USER_ATTEMPTS_SUCCESS_FLAG`)
VALUES
	(48,1,'2017-03-15 15:42:05','shun10114@gmail.com','',1),
	(49,0,'2017-03-15 15:42:44','2222@gmail.com','127.0.0.1',0),
	(50,0,'2017-03-15 15:46:09','shun10114@gmail.com','127.0.0.1',0),
	(51,1,'2017-03-15 15:46:50','2222@gmail.com','',1),
	(52,0,'2017-03-15 15:46:53','2222@gmail.com','127.0.0.1',0),
	(53,0,'2017-03-15 15:48:24','2222@gmail.com','127.0.0.1',0),
	(54,0,'2017-03-15 15:48:44','2222@gmail.com','127.0.0.1',0),
	(55,0,'2017-03-15 15:48:49','shun10114@gmail.com','127.0.0.1',0),
	(56,0,'2017-03-15 17:00:49','shun10114@gmail.com','127.0.0.1',0),
	(57,0,'2017-03-16 13:12:57','shun10114@gmail.com','127.0.0.1',0),
	(58,0,'2017-03-16 13:18:11','shun10114@gmail.com','127.0.0.1',0),
	(59,0,'2017-03-16 14:19:06','shun10114@gmail.com','127.0.0.1',0),
	(60,0,'2017-03-16 14:22:51','shun10114@gmail.com','127.0.0.1',0),
	(61,0,'2017-03-16 14:23:01','shun10114@gmail.com','127.0.0.1',0),
	(62,0,'2017-03-17 08:47:32','shun10114@gmail.com','127.0.0.1',0),
	(63,0,'2017-03-17 09:55:37','shun10114@gmail.com','127.0.0.1',0),
	(64,0,'2017-03-21 09:35:44','shun10114@gmail.com','127.0.0.1',0),
	(65,0,'2017-03-21 09:42:55','shun10114@gmail.com','127.0.0.1',0),
	(66,0,'2017-03-23 18:14:44','shun10114@gmail.com','127.0.0.1',0),
	(67,0,'2017-03-24 12:52:28','shun10114@gmail.com','127.0.0.1',0),
	(68,0,'2017-03-24 13:26:13','shun10114@gmail.com','127.0.0.1',0),
	(69,0,'2017-03-24 13:38:01','shun10114@gmail.com','127.0.0.1',0),
	(70,0,'2017-03-24 14:23:35','shun10114@gmail.com','127.0.0.1',0),
	(71,0,'2017-03-24 14:27:41','shun10114@gmail.com','127.0.0.1',0),
	(72,0,'2017-03-24 15:20:09','shun10114@gmail.com','127.0.0.1',0),
	(73,0,'2017-03-24 17:42:50','shun10114@gmail.com','127.0.0.1',0),
	(74,0,'2017-03-27 18:19:33','shun10114@gmail.com','127.0.0.1',0),
	(75,0,'2017-03-28 18:46:32','shun10114@gmail.com','127.0.0.1',0),
	(76,0,'2017-03-28 19:26:27','shun10114@gmail.com','127.0.0.1',0),
	(77,0,'2017-03-29 08:50:54','shun10114@gmail.com','127.0.0.1',0),
	(78,0,'2017-03-30 08:52:14','shun10114@gmail.com','127.0.0.1',0);

/*!40000 ALTER TABLE `TB_USER_ATTEMPTS` ENABLE KEYS */;
UNLOCK TABLES;


# Dump of table TB_USER_PROFILE
# ------------------------------------------------------------

DROP TABLE IF EXISTS `TB_USER_PROFILE`;

CREATE TABLE `TB_USER_PROFILE` (
  `USER_PROFILE_ID` int(11) NOT NULL AUTO_INCREMENT,
  `USER_PROFILE_TYPE` varchar(15) NOT NULL,
  PRIMARY KEY (`USER_PROFILE_ID`),
  UNIQUE KEY `UK_28lgbv40bmqn2twgoy5kxn5fx` (`USER_PROFILE_TYPE`)
) ENGINE=InnoDB DEFAULT CHARSET=utf8;

LOCK TABLES `TB_USER_PROFILE` WRITE;
/*!40000 ALTER TABLE `TB_USER_PROFILE` DISABLE KEYS */;

INSERT INTO `TB_USER_PROFILE` (`USER_PROFILE_ID`, `USER_PROFILE_TYPE`)
VALUES
	(1,'GUEST'),
	(3,'STAR'),
	(4,'SUPERADMIN'),
	(2,'USER');

/*!40000 ALTER TABLE `TB_USER_PROFILE` ENABLE KEYS */;
UNLOCK TABLES;


# Dump of table TB_USER_PROFILE_REFER
# ------------------------------------------------------------

DROP TABLE IF EXISTS `TB_USER_PROFILE_REFER`;

CREATE TABLE `TB_USER_PROFILE_REFER` (
  `USER_ID` bigint(20) NOT NULL,
  `USER_PROFILE_ID` int(11) NOT NULL,
  PRIMARY KEY (`USER_ID`,`USER_PROFILE_ID`),
  KEY `FKf8b4mqr1f1rgnfv24to0qa7rq` (`USER_PROFILE_ID`),
  CONSTRAINT `FKf8b4mqr1f1rgnfv24to0qa7rq` FOREIGN KEY (`USER_PROFILE_ID`) REFERENCES `TB_USER_PROFILE` (`USER_PROFILE_ID`),
  CONSTRAINT `FKrpo7q8qoeejkifqth4apl0bv9` FOREIGN KEY (`USER_ID`) REFERENCES `TB_USER` (`USER_ID`)
) ENGINE=InnoDB DEFAULT CHARSET=utf8;

LOCK TABLES `TB_USER_PROFILE_REFER` WRITE;
/*!40000 ALTER TABLE `TB_USER_PROFILE_REFER` DISABLE KEYS */;

INSERT INTO `TB_USER_PROFILE_REFER` (`USER_ID`, `USER_PROFILE_ID`)
VALUES
	(1,4),
	(2,1),
	(3,1),
	(7,1),
	(9,1),
	(10,1),
	(11,1),
	(12,1),
	(13,1);

/*!40000 ALTER TABLE `TB_USER_PROFILE_REFER` ENABLE KEYS */;
UNLOCK TABLES;



/*!40111 SET SQL_NOTES=@OLD_SQL_NOTES */;
/*!40101 SET SQL_MODE=@OLD_SQL_MODE */;
/*!40014 SET FOREIGN_KEY_CHECKS=@OLD_FOREIGN_KEY_CHECKS */;
/*!40101 SET CHARACTER_SET_CLIENT=@OLD_CHARACTER_SET_CLIENT */;
/*!40101 SET CHARACTER_SET_RESULTS=@OLD_CHARACTER_SET_RESULTS */;
/*!40101 SET COLLATION_CONNECTION=@OLD_COLLATION_CONNECTION */;
